ClientID,Name,Age,Gender,PhoneNumber
1,Mary Williams,56,F,+1-812-617-3739
2,Mary Garcia,69,F,+1-481-419-2761
3,Thomas Williams,46,M,+1-642-414-1876
4,James Smith,32,M,+1-940-476-2460
5,Mary Brown,60,F,+1-861-376-2733
6,James Johnson,25,M,+1-781-602-7767
7,David Jones,38,M,+1-715-449-7986
8,David Jones,56,M,+1-645-929-4735
9,David Smith,36,M,+1-336-858-9434
10,Patricia Garcia,40,F,+1-742-139-5324
11,Michael Brown,28,M,+1-747-322-1005
12,Jennifer Williams,28,F,+1-521-567-9195
13,Jessica Williams,41,F,+1-845-217-3551
14,William Jones,53,M,+1-773-540-5289
15,Robert Miller,57,M,+1-914-491-7316
16,James Smith,41,M,+1-499-744-7469
17,Jessica Miller,20,F,+1-609-217-9915
18,John Jones,39,M,+1-424-631-5208
19,Michael Davis,19,M,+1-339-658-3048
20,Barbara Brown,41,F,+1-289-753-2828
21,Robert Davis,61,M,+1-338-610-7988
22,David Brown,47,M,+1-458-772-1009
23,John Smith,55,M,+1-460-749-3219
24,Robert Davis,19,M,+1-212-267-2619
25,Patricia Johnson,38,F,+1-520-418-3832
26,Thomas Smith,50,M,+1-976-649-4490
27,Mary Miller,29,F,+1-805-194-8984
28,David Jones,39,M,+1-780-417-1235
29,Patricia Smith,61,F,+1-533-984-9567
30,David Garcia,42,M,+1-658-236-3635
31,Charles Davis,66,M,+1-746-612-6415
32,Jennifer Garcia,44,F,+1-519-671-6951
33,Jennifer Johnson,59,F,+1-548-939-7413
34,Elizabeth Brown,45,F,+1-997-390-5820
35,Michael Brown,33,M,+1-364-104-3898
36,David Miller,32,M,+1-578-177-8577
37,Michael Johnson,64,M,+1-773-231-1600
38,Elizabeth Smith,68,F,+1-948-141-3136
39,Michael Jones,61,M,+1-601-395-7943
40,Elizabeth Johnson,69,F,+1-890-736-7565
41,Michael Smith,20,M,+1-222-674-3190
42,Jessica Williams,54,F,+1-864-244-2248
43,David Jones,68,M,+1-702-920-4687
44,Barbara Miller,24,F,+1-303-138-2970
45,David Johnson,38,M,+1-397-745-2202
46,Robert Smith,26,M,+1-753-547-8667
47,Elizabeth Johnson,56,F,+1-214-722-6788
48,Charles Brown,35,M,+1-488-577-1922
49,William Brown,21,M,+1-619-256-2120
50,Mary Smith,42,F,+1-610-388-6373
51,Patricia Smith,31,F,+1-395-697-5612
52,Charles Jones,67,M,+1-834-941-7028
53,John Davis,26,M,+1-358-914-7371
54,Charles Williams,43,M,+1-415-795-4228
55,Patricia Jones,19,F,+1-847-360-3371
56,Robert Smith,37,M,+1-884-229-1094
57,James Smith,45,M,+1-826-854-1793
58,Charles Davis,64,M,+1-482-168-6779
59,David Miller,24,M,+1-210-353-7166
60,Barbara Garcia,61,F,+1-545-401-9554
61,James Johnson,25,M,+1-595-317-8783
62,Linda Williams,64,F,+1-409-722-1827
63,James Johnson,52,M,+1-882-559-8147
64,Thomas Johnson,31,M,+1-555-423-4876
65,Charles Williams,34,M,+1-326-205-9795
66,Thomas Johnson,53,M,+1-998-477-7024
67,Susan Williams,67,F,+1-250-128-4368
68,Jessica Smith,57,F,+1-925-878-2792
69,Barbara Garcia,21,F,+1-812-504-4417
70,Linda Brown,19,F,+1-821-519-4030
71,David Garcia,23,M,+1-200-930-5021
72,Barbara Jones,59,F,+1-766-470-6031
73,William Garcia,21,M,+1-860-530-8112
74,Jennifer Johnson,46,F,+1-508-236-9393
75,William Johnson,35,M,+1-635-412-5212
76,Robert Jones,43,M,+1-865-902-9766
77,William Jones,61,M,+1-443-636-2625
78,Michael Brown,51,M,+1-274-905-9577
79,Thomas Davis,27,M,+1-409-574-9609
80,James Miller,53,M,+1-546-628-7783
81,Barbara Smith,31,F,+1-962-278-2205
82,Michael Johnson,48,M,+1-863-124-2990
83,David Brown,65,M,+1-379-809-4572
84,Mary Johnson,32,F,+1-360-276-5380
85,Jessica Brown,25,F,+1-262-761-3713
86,Robert Smith,31,M,+1-355-981-6588
87,Thomas Smith,40,M,+1-248-948-4432
88,Jennifer Davis,57,F,+1-888-247-4701
89,David Jones,38,M,+1-541-575-6182
90,Susan Brown,33,F,+1-900-459-7704
91,Mary Garcia,62,F,+1-526-868-2759
92,Robert Johnson,35,M,+1-340-314-3482
93,Thomas Williams,64,M,+1-922-417-3079
94,Patricia Johnson,41,F,+1-869-384-5524
95,Linda Smith,43,F,+1-676-385-8311
96,Patricia Garcia,42,F,+1-623-118-3065
97,Susan Miller,62,F,+1-968-689-6490
98,Patricia Smith,58,F,+1-374-293-7645
99,Jennifer Brown,46,F,+1-312-213-6797
100,Patricia Davis,32,F,+1-843-996-4335
101,Susan Smith,62,F,+1-254-970-5873
102,Elizabeth Williams,18,F,+1-657-977-7305
103,Linda Jones,42,F,+1-579-186-1054
104,Elizabeth Davis,24,F,+1-675-899-4462
105,Jessica Johnson,26,F,+1-548-107-1832
106,Thomas Smith,41,M,+1-512-858-6954
107,Susan Williams,18,F,+1-642-866-9519
108,Elizabeth Garcia,61,F,+1-253-860-4310
109,Linda Miller,25,F,+1-428-678-8218
110,Patricia Jones,41,F,+1-808-703-4054
111,Jessica Smith,28,F,+1-463-517-8970
112,James Davis,68,M,+1-295-187-3538
113,William Williams,34,M,+1-651-599-9356
114,Robert Garcia,25,M,+1-381-568-6005
115,James Miller,52,M,+1-934-922-1943
116,David Garcia,52,M,+1-206-429-9966
117,Patricia Williams,50,F,+1-872-250-5242
118,David Jones,22,M,+1-823-480-2308
119,Jessica Johnson,59,F,+1-899-181-9705
120,William Jones,56,M,+1-908-622-5841
121,Mary Brown,58,F,+1-585-806-5566
122,William Davis,45,M,+1-318-495-2555
123,Robert Jones,24,M,+1-460-904-2279
124,James Smith,26,M,+1-933-325-8083
125,Patricia Garcia,25,F,+1-699-605-2387
126,Michael Miller,29,M,+1-479-692-3679
127,Susan Smith,51,F,+1-258-826-5223
128,Thomas Davis,50,M,+1-935-820-4186
129,John Garcia,65,M,+1-408-625-3599
130,Jennifer Jones,40,F,+1-436-380-8368
131,Barbara Johnson,41,F,+1-957-377-3541
132,James Garcia,54,M,+1-203-765-9633
133,Barbara Miller,52,F,+1-228-208-9996
134,Elizabeth Williams,61,F,+1-274-937-6475
135,Patricia Smith,57,F,+1-240-133-8184
136,Thomas Jones,39,M,+1-876-252-8141
137,David Williams,44,M,+1-577-687-2622
138,Mary Jones,52,F,+1-828-973-1341
139,Barbara Jones,18,F,+1-226-924-1645
140,Susan Brown,52,F,+1-930-267-9801
141,John Garcia,54,M,+1-467-848-7136
142,Patricia Miller,64,F,+1-654-784-3969
143,Barbara Johnson,31,F,+1-675-801-3681
144,Thomas Jones,20,M,+1-757-675-5225
145,James Davis,18,M,+1-562-804-3866
146,Jennifer Williams,22,F,+1-892-391-6490
147,Charles Williams,43,M,+1-993-128-9340
148,James Williams,31,M,+1-978-395-8679
149,William Davis,56,M,+1-875-212-9378
150,William Williams,44,M,+1-943-326-2333
151,James Smith,26,M,+1-297-154-7766
152,Jessica Miller,32,F,+1-863-857-7212
153,Patricia Davis,32,F,+1-511-388-8715
154,Charles Miller,43,M,+1-950-247-2762
155,Jennifer Brown,59,F,+1-443-590-8101
156,Susan Williams,30,F,+1-706-464-7122
157,William Johnson,68,M,+1-681-300-1153
158,James Smith,49,M,+1-649-600-3120
159,Robert Brown,56,M,+1-912-395-6136
160,Michael Brown,66,M,+1-840-316-1060
161,Linda Brown,69,F,+1-815-141-8970
162,Mary Garcia,49,F,+1-330-597-2252
163,James Jones,21,M,+1-307-271-4549
164,Barbara Davis,47,F,+1-301-965-7667
165,Patricia Davis,54,F,+1-474-712-5090
166,William Miller,40,M,+1-216-429-4640
167,Barbara Miller,56,F,+1-696-914-5107
168,Barbara Jones,62,F,+1-517-691-9407
169,Barbara Garcia,32,F,+1-538-875-3708
170,Robert Brown,60,M,+1-280-826-6604
171,Jessica Johnson,46,F,+1-573-809-6319
172,Jennifer Smith,53,F,+1-736-565-6387
173,Barbara Jones,30,F,+1-854-670-4993
174,Jessica Davis,49,F,+1-688-976-9238
175,Jennifer Jones,24,F,+1-487-877-5806
176,Jessica Jones,68,F,+1-600-893-8124
177,Jessica Smith,39,F,+1-285-349-1390
178,Jennifer Miller,45,F,+1-981-434-9820
179,Michael Johnson,19,M,+1-718-236-9007
180,David Brown,59,M,+1-697-926-2500
181,William Jones,62,M,+1-793-322-6085
182,Mary Davis,23,F,+1-571-501-2466
183,James Jones,45,M,+1-689-714-6392
184,Susan Brown,45,F,+1-725-258-4223
185,Charles Williams,61,M,+1-819-287-8980
186,Barbara Williams,61,F,+1-297-230-3983
187,Mary Davis,37,F,+1-382-463-9230
188,Jessica Brown,47,F,+1-726-987-7640
189,James Garcia,28,M,+1-715-448-1920
190,Jennifer Garcia,45,F,+1-596-821-9684
191,Mary Jones,42,F,+1-625-207-9502
192,David Davis,56,M,+1-938-269-1545
193,Mary Jones,50,F,+1-613-350-4810
194,David Smith,18,M,+1-238-913-3032
195,James Jones,44,M,+1-676-417-9436
196,Susan Williams,69,F,+1-947-796-1271
197,John Miller,30,M,+1-639-847-5361
198,David Williams,58,M,+1-558-439-4760
199,John Brown,20,M,+1-202-528-2165
200,James Garcia,56,M,+1-575-769-3033
201,Thomas Garcia,23,M,+1-523-245-5388
202,Barbara Garcia,25,F,+1-864-531-9896
203,Jessica Johnson,44,F,+1-784-498-9056
204,Jessica Williams,26,F,+1-543-239-2828
205,Jennifer Davis,54,F,+1-260-479-5805
206,Susan Brown,50,F,+1-639-418-9202
207,Susan Johnson,68,F,+1-261-944-8878
208,Robert Davis,59,M,+1-763-871-6690
209,Michael Garcia,61,M,+1-783-759-6429
210,Charles Johnson,41,M,+1-442-592-2389
211,Michael Williams,32,M,+1-529-206-1824
212,Barbara Williams,49,F,+1-417-852-7402
213,John Garcia,49,M,+1-973-616-2796
214,Patricia Williams,41,F,+1-253-146-1726
215,Patricia Garcia,58,F,+1-888-620-2913
216,Barbara Jones,69,F,+1-952-672-8657
217,Robert Davis,66,M,+1-618-789-8312
218,Charles Williams,66,M,+1-415-102-8906
219,Elizabeth Miller,69,F,+1-980-219-1892
220,Jennifer Brown,29,F,+1-288-428-5675
221,Robert Jones,56,M,+1-556-709-2290
222,Barbara Brown,19,F,+1-816-422-2218
223,James Jones,20,M,+1-937-431-1954
224,Robert Johnson,66,M,+1-425-223-1974
225,Robert Davis,54,M,+1-237-427-6370
226,David Smith,66,M,+1-375-701-9228
227,Susan Miller,34,F,+1-515-787-4020
228,Mary Davis,66,F,+1-995-692-6233
229,Charles Williams,19,M,+1-239-400-1317
230,Mary Smith,19,F,+1-548-214-3745
231,Linda Jones,45,F,+1-522-667-7183
232,Barbara Johnson,40,F,+1-948-388-5311
233,Thomas Miller,54,M,+1-346-435-4239
234,John Garcia,49,M,+1-291-452-2704
235,Thomas Miller,50,M,+1-980-462-3604
236,John Jones,18,M,+1-544-792-5286
237,John Johnson,36,M,+1-866-521-5795
238,Susan Smith,19,F,+1-206-232-1556
239,Robert Jones,61,M,+1-960-130-8561
240,David Garcia,43,M,+1-871-462-4741
241,Michael Miller,49,M,+1-750-181-3403
242,David Johnson,23,M,+1-457-817-9780
243,William Garcia,49,M,+1-723-394-6343
244,John Davis,21,M,+1-724-145-2136
245,James Davis,28,M,+1-432-116-8009
246,David Brown,34,M,+1-899-547-2007
247,James Garcia,55,M,+1-525-566-6352
248,Mary Miller,41,F,+1-423-930-2435
249,Michael Williams,22,M,+1-771-434-6084
250,David Davis,69,M,+1-477-295-8059
251,John Davis,51,M,+1-683-341-8491
252,Jessica Johnson,23,F,+1-930-291-2040
253,Charles Miller,39,M,+1-723-500-9073
254,Linda Garcia,28,F,+1-904-121-5569
255,Elizabeth Smith,65,F,+1-319-309-3353
256,Thomas Jones,33,M,+1-469-803-1686
257,Elizabeth Williams,50,F,+1-484-815-9954
258,Susan Brown,26,F,+1-426-480-6126
259,James Johnson,23,M,+1-228-132-8813
260,William Jones,33,M,+1-278-558-4356
261,Elizabeth Jones,46,F,+1-715-198-7540
262,Michael Brown,20,M,+1-688-138-4342
263,Linda Davis,37,F,+1-996-256-2098
264,Robert Jones,53,M,+1-329-786-4155
265,Mary Miller,36,F,+1-221-558-6658
266,William Miller,43,M,+1-906-948-1988
267,Jessica Brown,20,F,+1-220-402-5179
268,Susan Smith,36,F,+1-973-758-6626
269,Robert Smith,37,M,+1-456-669-1933
270,Robert Williams,49,M,+1-726-261-2980
271,John Miller,24,M,+1-362-931-4056
272,Charles Williams,69,M,+1-992-891-6390
273,James Williams,58,M,+1-691-307-4610
274,Jessica Brown,50,F,+1-783-159-7573
275,Jennifer Williams,57,F,+1-856-704-4380
276,Barbara Williams,56,F,+1-719-690-2050
277,Mary Williams,35,F,+1-885-661-7342
278,Mary Jones,57,F,+1-586-448-1959
279,Jennifer Johnson,18,F,+1-892-635-5473
280,Jessica Williams,28,F,+1-757-626-4224
281,Thomas Williams,45,M,+1-933-305-2875
282,Charles Davis,42,M,+1-939-620-6797
283,David Johnson,67,M,+1-925-600-1116
284,William Jones,40,M,+1-585-443-1583
285,Michael Smith,48,M,+1-594-163-4788
286,Thomas Davis,47,M,+1-920-171-9465
287,Jessica Davis,59,F,+1-519-437-2389
288,Susan Garcia,52,F,+1-694-706-9357
289,Robert Jones,24,M,+1-743-110-6420
290,James Brown,33,M,+1-928-900-3043
291,Thomas Smith,43,M,+1-301-524-1778
292,John Williams,65,M,+1-413-790-7731
293,Michael Brown,69,M,+1-245-771-9783
294,Jennifer Brown,66,F,+1-509-185-3720
295,John Miller,19,M,+1-913-341-9032
296,Jennifer Miller,18,F,+1-201-324-2949
297,Barbara Smith,65,F,+1-788-215-8833
298,Robert Davis,29,M,+1-302-293-8014
299,Linda Davis,22,F,+1-289-785-4041
300,Patricia Jones,54,F,+1-305-986-9619
301,Charles Garcia,49,M,+1-504-971-7090
302,Michael Smith,26,M,+1-516-734-2925
303,Elizabeth Miller,58,F,+1-208-873-4144
304,Linda Smith,52,F,+1-558-322-1552
305,Elizabeth Jones,36,F,+1-569-815-6383
306,Elizabeth Miller,65,F,+1-889-959-4389
307,Elizabeth Jones,33,F,+1-283-417-9442
308,Elizabeth Davis,20,F,+1-582-106-1458
309,Mary Williams,37,F,+1-283-307-1899
310,Jennifer Jones,41,F,+1-589-413-1021
311,Jessica Williams,50,F,+1-609-994-1514
312,James Williams,41,M,+1-326-908-8867
313,Barbara Williams,69,F,+1-213-111-2560
314,Jessica Davis,28,F,+1-500-342-4638
315,Robert Williams,66,M,+1-949-455-5780
316,Patricia Jones,25,F,+1-932-730-3356
317,Charles Williams,53,M,+1-894-387-1306
318,Patricia Williams,55,F,+1-793-822-1661
319,Susan Williams,57,F,+1-748-451-9503
320,Patricia Davis,37,F,+1-258-742-9946
321,Michael Williams,52,M,+1-234-544-7236
322,Linda Williams,65,F,+1-406-452-8005
323,Linda Johnson,42,F,+1-924-258-1956
324,Michael Davis,52,M,+1-223-503-4453
325,Thomas Miller,42,M,+1-731-251-2712
326,Mary Brown,46,F,+1-807-716-7563
327,Robert Brown,35,M,+1-449-216-6631
328,Michael Davis,63,M,+1-939-677-2394
329,Jessica Jones,35,F,+1-385-345-5732
330,John Jones,19,M,+1-467-742-1529
331,Elizabeth Miller,52,F,+1-751-120-3958
332,David Davis,33,M,+1-936-966-4591
333,Mary Johnson,58,F,+1-299-851-1525
334,Charles Miller,53,M,+1-533-101-1374
335,Linda Miller,50,F,+1-492-936-5648
336,Michael Davis,21,M,+1-517-601-2646
337,Jessica Miller,50,F,+1-213-603-3278
338,William Smith,31,M,+1-283-229-4814
339,Patricia Johnson,38,F,+1-344-990-9219
340,Jennifer Brown,65,F,+1-265-262-5356
341,Patricia Brown,37,F,+1-648-523-5555
342,Elizabeth Garcia,25,F,+1-875-400-8062
343,James Williams,24,M,+1-502-386-4466
344,Susan Williams,20,F,+1-209-806-1629
345,Thomas Brown,34,M,+1-469-691-6724
346,Robert Garcia,50,M,+1-977-943-4432
347,Thomas Brown,65,M,+1-456-232-6895
348,Jessica Smith,29,F,+1-882-612-1575
349,Linda Brown,68,F,+1-483-220-4178
350,Charles Jones,39,M,+1-886-303-4568
351,Jessica Jones,39,F,+1-831-655-3203
352,Thomas Garcia,63,M,+1-566-818-2925
353,David Davis,47,M,+1-819-350-1956
354,Thomas Williams,55,M,+1-533-741-1968
355,David Brown,55,M,+1-710-392-1281
356,David Williams,62,M,+1-996-100-7262
357,Jessica Davis,68,F,+1-234-297-6178
358,Linda Davis,25,F,+1-360-790-2229
359,Charles Miller,44,M,+1-211-589-9467
360,John Williams,44,M,+1-892-341-2239
361,Charles Smith,51,M,+1-450-910-1125
362,Jennifer Miller,38,F,+1-416-405-6342
363,David Smith,47,M,+1-383-594-7570
364,Barbara Johnson,50,F,+1-377-527-7294
365,Jessica Johnson,45,F,+1-583-737-2969
366,Elizabeth Garcia,64,F,+1-945-991-5470
367,Jessica Williams,50,F,+1-207-440-9320
368,William Davis,22,M,+1-975-768-8519
369,Susan Johnson,65,F,+1-557-616-2198
370,Susan Miller,36,F,+1-392-410-6238
371,Elizabeth Garcia,21,F,+1-417-526-7089
372,David Smith,52,M,+1-613-213-8705
373,John Miller,66,M,+1-847-402-1986
374,Thomas Johnson,34,M,+1-544-913-4072
375,Jessica Davis,61,F,+1-346-386-4124
376,Barbara Smith,45,F,+1-503-168-9125
377,Patricia Smith,47,F,+1-419-803-9133
378,Robert Garcia,46,M,+1-774-684-8848
379,Jessica Jones,63,F,+1-288-787-7924
380,Charles Jones,23,M,+1-784-856-4230
381,David Williams,52,M,+1-688-423-4173
382,Charles Johnson,58,M,+1-693-743-5114
383,Jennifer Williams,54,F,+1-653-581-8761
384,William Davis,41,M,+1-596-378-2388
385,Mary Brown,46,F,+1-530-740-2367
386,Susan Davis,66,F,+1-654-700-3772
387,Charles Brown,63,M,+1-854-164-5806
388,Patricia Johnson,48,F,+1-342-927-6592
389,John Smith,52,M,+1-616-404-9927
390,Michael Brown,50,M,+1-696-390-7059
391,John Smith,69,M,+1-301-366-8010
392,William Davis,38,M,+1-821-941-3989
393,Elizabeth Davis,49,F,+1-976-102-7228
394,David Brown,40,M,+1-993-427-3863
395,Jessica Smith,50,F,+1-649-553-2177
396,Mary Smith,20,F,+1-864-111-6252
397,Linda Jones,35,F,+1-503-392-9234
398,Linda Miller,42,F,+1-542-425-7570
399,Susan Brown,59,F,+1-220-506-5431
400,John Miller,48,M,+1-316-223-7542
