Purchase_ID,Client_ID,Date,Weekday,Car_Model,Price_UZS,Payment_Type
1,1,2024-05-16,Thursday,Chevrolet Spark,132786773,Cash
2,1,2024-05-14,Tuesday,Chevrolet Spark,121748014,Cash
3,1,2024-05-14,Tuesday,BMW X5,857512907,Cash
4,1,2024-05-26,Sunday,Hyundai Elantra,220279846,Credit
5,2,2024-05-30,Thursday,Hyundai Elantra,233843222,Cash
6,2,2024-05-22,Wednesday,Toyota Camry,360361505,Credit
7,2,2024-05-10,Friday,Toyota Camry,313470137,Credit
8,2,2024-05-24,Friday,Toyota Camry,328709379,Credit
9,2,2024-05-16,Thursday,Toyota Camry,399967871,Credit
10,3,2024-05-20,Monday,Toyota Camry,356564401,Credit
11,3,2024-05-01,Wednesday,Toyota Camry,361704882,Leasing
12,3,2024-05-12,Sunday,Hyundai Elantra,234641312,Credit
13,4,2024-05-11,Saturday,Chevrolet Spark,149469068,Credit
14,4,2024-05-14,Tuesday,Chevrolet Spark,122976242,Credit
15,4,2024-05-23,Thursday,Chevrolet Spark,147812615,Credit
16,4,2024-05-10,Friday,Chevrolet Spark,128454561,Credit
17,4,2024-05-07,Tuesday,Chevrolet Spark,126118900,Credit
18,5,2024-05-11,Saturday,Kia Sorento,420098339,Credit
19,5,2024-05-29,Wednesday,Chevrolet Spark,143899529,Credit
20,5,2024-05-24,Friday,Toyota Camry,393437616,Leasing
21,5,2024-05-04,Saturday,Hyundai Elantra,246333926,Credit
22,5,2024-05-23,Thursday,Kia Sorento,412976036,Credit
23,6,2024-05-23,Thursday,Toyota Camry,319511512,Credit
24,6,2024-05-30,Thursday,Kia Sorento,372558781,Credit
25,7,2024-05-25,Saturday,Hyundai Elantra,221037754,Cash
26,7,2024-05-04,Saturday,Chevrolet Spark,149826280,Leasing
27,7,2024-05-09,Thursday,Hyundai Elantra,221023454,Leasing
28,8,2024-05-19,Sunday,Toyota Camry,389268367,Credit
29,8,2024-05-03,Friday,Toyota Camry,396435123,Credit
30,8,2024-05-04,Saturday,BMW X5,834415503,Leasing
31,9,2024-05-13,Monday,BMW X5,857832377,Cash
32,9,2024-05-26,Sunday,Hyundai Elantra,230773482,Leasing
33,9,2024-05-15,Wednesday,Chevrolet Spark,135883337,Leasing
34,10,2024-05-17,Friday,Chevrolet Spark,145691654,Credit
35,10,2024-05-08,Wednesday,Chevrolet Spark,126646705,Leasing
36,10,2024-05-02,Thursday,Chevrolet Spark,148830884,Credit
37,10,2024-05-08,Wednesday,Hyundai Elantra,248392000,Leasing
38,10,2024-05-17,Friday,Kia Sorento,424092760,Credit
39,11,2024-05-04,Saturday,Hyundai Elantra,223088542,Credit
40,11,2024-05-12,Sunday,Hyundai Elantra,210080346,Credit
41,11,2024-05-19,Sunday,Chevrolet Spark,121879490,Credit
42,11,2024-05-18,Saturday,Hyundai Elantra,240494137,Leasing
43,12,2024-05-08,Wednesday,Chevrolet Spark,123319144,Leasing
44,12,2024-05-03,Friday,Hyundai Elantra,238858941,Credit
45,12,2024-05-28,Tuesday,Chevrolet Spark,126062903,Credit
46,13,2024-05-21,Tuesday,BMW X5,752203051,Leasing
47,13,2024-05-13,Monday,Chevrolet Spark,122225300,Cash
48,13,2024-05-21,Tuesday,BMW X5,748518372,Credit
49,13,2024-05-19,Sunday,BMW X5,799204497,Cash
50,13,2024-05-17,Friday,Toyota Camry,373190814,Leasing
51,14,2024-05-22,Wednesday,Toyota Camry,378815702,Cash
52,14,2024-05-12,Sunday,BMW X5,765557447,Credit
53,15,2024-05-24,Friday,Toyota Camry,357681017,Cash
54,15,2024-05-26,Sunday,Hyundai Elantra,245718843,Credit
55,15,2024-05-28,Tuesday,Hyundai Elantra,242734307,Leasing
56,15,2024-05-22,Wednesday,Chevrolet Spark,147169992,Credit
57,16,2024-05-20,Monday,Toyota Camry,390012399,Cash
58,16,2024-05-14,Tuesday,Chevrolet Spark,133021573,Leasing
59,17,2024-05-05,Sunday,Hyundai Elantra,219857417,Leasing
60,17,2024-05-18,Saturday,Hyundai Elantra,236869124,Cash
61,17,2024-05-01,Wednesday,Toyota Camry,349907857,Leasing
62,17,2024-05-17,Friday,Chevrolet Spark,145301054,Credit
63,18,2024-05-27,Monday,BMW X5,810933452,Cash
64,18,2024-05-09,Thursday,Hyundai Elantra,233423744,Cash
65,18,2024-05-23,Thursday,BMW X5,701722320,Credit
66,18,2024-05-05,Sunday,BMW X5,797278998,Leasing
67,18,2024-05-05,Sunday,Kia Sorento,362243026,Credit
68,19,2024-05-14,Tuesday,Chevrolet Spark,126195200,Leasing
69,20,2024-05-13,Monday,Chevrolet Spark,133832640,Credit
70,20,2024-05-02,Thursday,Hyundai Elantra,217964103,Cash
71,20,2024-05-26,Sunday,Hyundai Elantra,228747893,Leasing
72,20,2024-05-18,Saturday,Kia Sorento,438720437,Leasing
73,21,2024-05-30,Thursday,BMW X5,822332984,Credit
74,21,2024-05-15,Wednesday,Toyota Camry,314681316,Credit
75,22,2024-05-02,Thursday,Kia Sorento,398840101,Credit
76,22,2024-05-02,Thursday,Hyundai Elantra,206953757,Credit
77,22,2024-05-19,Sunday,BMW X5,853568563,Credit
78,22,2024-05-01,Wednesday,Kia Sorento,442525563,Credit
79,22,2024-05-10,Friday,BMW X5,751628164,Leasing
80,23,2024-05-10,Friday,BMW X5,781251088,Credit
81,23,2024-05-24,Friday,Chevrolet Spark,135539973,Credit
82,23,2024-05-13,Monday,Chevrolet Spark,126549546,Credit
83,23,2024-05-19,Sunday,Toyota Camry,397148566,Cash
84,24,2024-05-11,Saturday,Chevrolet Spark,121072647,Cash
85,25,2024-05-04,Saturday,Chevrolet Spark,146471618,Leasing
86,26,2024-05-27,Monday,Kia Sorento,419019569,Credit
87,26,2024-05-19,Sunday,Chevrolet Spark,140927492,Credit
88,26,2024-05-10,Friday,Chevrolet Spark,131875732,Credit
89,27,2024-05-05,Sunday,Hyundai Elantra,213781337,Leasing
90,27,2024-05-17,Friday,Hyundai Elantra,212433196,Credit
91,27,2024-05-26,Sunday,Toyota Camry,312457080,Credit
92,28,2024-05-24,Friday,BMW X5,897020478,Credit
93,28,2024-05-17,Friday,Hyundai Elantra,240056064,Cash
94,29,2024-05-03,Friday,Chevrolet Spark,146733262,Credit
95,29,2024-05-24,Friday,Hyundai Elantra,238138329,Leasing
96,29,2024-05-14,Tuesday,Hyundai Elantra,223335437,Cash
97,29,2024-05-19,Sunday,Toyota Camry,386787694,Leasing
98,30,2024-05-11,Saturday,Toyota Camry,357647084,Leasing
99,30,2024-05-06,Monday,Toyota Camry,347756479,Credit
100,30,2024-05-05,Sunday,Chevrolet Spark,126292518,Credit
101,30,2024-05-07,Tuesday,Chevrolet Spark,137547389,Cash
102,31,2024-05-17,Friday,Toyota Camry,322419480,Credit
103,31,2024-05-03,Friday,Kia Sorento,396523537,Cash
104,31,2024-05-15,Wednesday,Kia Sorento,358411883,Cash
105,32,2024-05-09,Thursday,Chevrolet Spark,125196467,Credit
106,32,2024-05-02,Thursday,Chevrolet Spark,146028346,Leasing
107,32,2024-05-05,Sunday,Kia Sorento,382359860,Cash
108,32,2024-05-06,Monday,Hyundai Elantra,214752367,Cash
109,33,2024-05-11,Saturday,Chevrolet Spark,125056861,Cash
110,33,2024-05-23,Thursday,Toyota Camry,387554946,Credit
111,33,2024-05-08,Wednesday,Toyota Camry,378550238,Leasing
112,33,2024-05-20,Monday,BMW X5,722763342,Leasing
113,34,2024-05-17,Friday,Hyundai Elantra,217807333,Credit
114,35,2024-05-25,Saturday,Kia Sorento,366263882,Credit
115,35,2024-05-19,Sunday,BMW X5,775495044,Cash
116,35,2024-05-22,Wednesday,Kia Sorento,401569363,Credit
117,36,2024-05-17,Friday,Toyota Camry,384740096,Credit
118,36,2024-05-06,Monday,Toyota Camry,353215075,Credit
119,36,2024-05-03,Friday,Chevrolet Spark,122863793,Credit
120,36,2024-05-05,Sunday,Chevrolet Spark,143988395,Credit
121,36,2024-05-08,Wednesday,Kia Sorento,369931456,Cash
122,37,2024-05-09,Thursday,Kia Sorento,358112074,Credit
123,37,2024-05-06,Monday,Toyota Camry,321982813,Cash
124,37,2024-05-05,Sunday,BMW X5,818227179,Credit
125,38,2024-05-21,Tuesday,Toyota Camry,303609736,Credit
126,38,2024-05-03,Friday,Chevrolet Spark,148972327,Leasing
127,38,2024-05-28,Tuesday,Kia Sorento,413446855,Leasing
128,38,2024-05-05,Sunday,Chevrolet Spark,140702498,Cash
129,38,2024-05-05,Sunday,Chevrolet Spark,124063309,Credit
130,39,2024-05-04,Saturday,Hyundai Elantra,243729961,Credit
131,40,2024-05-08,Wednesday,Hyundai Elantra,245773415,Credit
132,40,2024-05-19,Sunday,Toyota Camry,336640608,Leasing
133,41,2024-05-15,Wednesday,Hyundai Elantra,249875088,Leasing
134,41,2024-05-23,Thursday,Hyundai Elantra,217691444,Leasing
135,41,2024-05-19,Sunday,Hyundai Elantra,241459909,Leasing
136,41,2024-05-07,Tuesday,Toyota Camry,326704425,Cash
137,42,2024-05-15,Wednesday,Kia Sorento,359496563,Leasing
138,43,2024-05-27,Monday,BMW X5,814567717,Leasing
139,43,2024-05-29,Wednesday,Hyundai Elantra,241108406,Cash
140,43,2024-05-04,Saturday,Kia Sorento,403509641,Credit
141,43,2024-05-10,Friday,Toyota Camry,337612325,Credit
142,44,2024-05-15,Wednesday,Toyota Camry,310688727,Credit
143,44,2024-05-15,Wednesday,Toyota Camry,375623580,Credit
144,45,2024-05-12,Sunday,Kia Sorento,402411802,Credit
145,45,2024-05-19,Sunday,Toyota Camry,307726890,Credit
146,46,2024-05-20,Monday,Chevrolet Spark,129451337,Credit
147,47,2024-05-06,Monday,Hyundai Elantra,238142766,Credit
148,47,2024-05-11,Saturday,Chevrolet Spark,121255564,Cash
149,48,2024-05-18,Saturday,Toyota Camry,377782638,Leasing
150,48,2024-05-11,Saturday,BMW X5,711309411,Leasing
151,48,2024-05-05,Sunday,BMW X5,784776775,Credit
152,48,2024-05-17,Friday,Toyota Camry,355684473,Cash
153,48,2024-05-19,Sunday,Kia Sorento,432972373,Leasing
154,49,2024-05-01,Wednesday,Chevrolet Spark,122002324,Cash
155,49,2024-05-04,Saturday,Chevrolet Spark,149117240,Credit
156,50,2024-05-22,Wednesday,Hyundai Elantra,235981972,Credit
157,50,2024-05-21,Tuesday,Chevrolet Spark,145677235,Leasing
158,50,2024-05-26,Sunday,Chevrolet Spark,121898739,Credit
159,50,2024-05-11,Saturday,Kia Sorento,363757649,Credit
160,51,2024-05-27,Monday,Hyundai Elantra,225146282,Cash
161,51,2024-05-27,Monday,Chevrolet Spark,139378839,Credit
162,51,2024-05-20,Monday,Hyundai Elantra,236919127,Credit
163,51,2024-05-29,Wednesday,Hyundai Elantra,231199893,Credit
164,52,2024-05-18,Saturday,Kia Sorento,443569990,Leasing
165,52,2024-05-09,Thursday,Hyundai Elantra,235966581,Leasing
166,52,2024-05-29,Wednesday,Hyundai Elantra,211686214,Credit
167,52,2024-05-13,Monday,Toyota Camry,388213938,Credit
168,53,2024-05-19,Sunday,Hyundai Elantra,213691164,Credit
169,53,2024-05-29,Wednesday,Hyundai Elantra,210055079,Credit
170,53,2024-05-01,Wednesday,Kia Sorento,417812526,Credit
171,53,2024-05-22,Wednesday,Hyundai Elantra,243542641,Credit
172,54,2024-05-19,Sunday,Chevrolet Spark,129623424,Credit
173,54,2024-05-23,Thursday,BMW X5,795785737,Credit
174,54,2024-05-14,Tuesday,Toyota Camry,383750880,Cash
175,54,2024-05-28,Tuesday,BMW X5,845702236,Credit
176,54,2024-05-25,Saturday,Chevrolet Spark,139380183,Cash
177,55,2024-05-29,Wednesday,Hyundai Elantra,247872760,Leasing
178,55,2024-05-03,Friday,Toyota Camry,383463150,Leasing
179,55,2024-05-03,Friday,Chevrolet Spark,135105101,Credit
180,56,2024-05-14,Tuesday,BMW X5,795277507,Leasing
181,57,2024-05-22,Wednesday,Chevrolet Spark,137545950,Credit
182,57,2024-05-18,Saturday,Chevrolet Spark,126569632,Credit
183,57,2024-05-19,Sunday,Chevrolet Spark,126202258,Credit
184,57,2024-05-28,Tuesday,Kia Sorento,368786176,Leasing
185,58,2024-05-20,Monday,Toyota Camry,354148094,Credit
186,58,2024-05-23,Thursday,Chevrolet Spark,130864147,Credit
187,59,2024-05-06,Monday,Kia Sorento,431638280,Credit
188,59,2024-05-12,Sunday,Chevrolet Spark,144899065,Leasing
189,59,2024-05-24,Friday,Chevrolet Spark,134072989,Credit
190,59,2024-05-14,Tuesday,Hyundai Elantra,243946719,Credit
191,60,2024-05-19,Sunday,Toyota Camry,398513416,Credit
192,60,2024-05-13,Monday,Hyundai Elantra,219023125,Leasing
193,61,2024-05-04,Saturday,Chevrolet Spark,129168924,Cash
194,61,2024-05-23,Thursday,Toyota Camry,343309893,Leasing
195,62,2024-05-21,Tuesday,Kia Sorento,370080673,Credit
196,62,2024-05-25,Saturday,Hyundai Elantra,206238795,Credit
197,62,2024-05-10,Friday,Chevrolet Spark,145217050,Leasing
198,62,2024-05-06,Monday,Toyota Camry,303138145,Credit
199,63,2024-05-25,Saturday,Toyota Camry,346361481,Leasing
200,63,2024-05-26,Sunday,Hyundai Elantra,222704829,Credit
201,63,2024-05-02,Thursday,Chevrolet Spark,135713642,Cash
202,63,2024-05-21,Tuesday,Toyota Camry,324694812,Credit
203,63,2024-05-08,Wednesday,Hyundai Elantra,239787171,Leasing
204,64,2024-05-07,Tuesday,Toyota Camry,350709813,Credit
205,64,2024-05-15,Wednesday,BMW X5,742955157,Leasing
206,65,2024-05-01,Wednesday,Hyundai Elantra,236905710,Credit
207,65,2024-05-03,Friday,BMW X5,845633104,Credit
208,66,2024-05-13,Monday,Chevrolet Spark,146392776,Leasing
209,66,2024-05-21,Tuesday,Hyundai Elantra,233458471,Leasing
210,66,2024-05-25,Saturday,Kia Sorento,369482215,Credit
211,66,2024-05-07,Tuesday,Chevrolet Spark,130912996,Cash
212,67,2024-05-19,Sunday,Hyundai Elantra,240131083,Credit
213,67,2024-05-12,Sunday,Kia Sorento,400760636,Leasing
214,68,2024-05-25,Saturday,Hyundai Elantra,236851723,Credit
215,68,2024-05-24,Friday,Toyota Camry,359912158,Leasing
216,69,2024-05-23,Thursday,Hyundai Elantra,223388869,Leasing
217,69,2024-05-18,Saturday,Hyundai Elantra,210563214,Credit
218,69,2024-05-09,Thursday,Toyota Camry,335119150,Cash
219,69,2024-05-16,Thursday,Toyota Camry,323387092,Credit
220,70,2024-05-07,Tuesday,Chevrolet Spark,129052788,Leasing
221,70,2024-05-19,Sunday,Toyota Camry,309913841,Credit
222,70,2024-05-29,Wednesday,Hyundai Elantra,211457501,Cash
223,70,2024-05-03,Friday,Chevrolet Spark,123395049,Credit
224,71,2024-05-14,Tuesday,Toyota Camry,348356322,Credit
225,72,2024-05-13,Monday,Chevrolet Spark,124193060,Credit
226,72,2024-05-26,Sunday,Toyota Camry,312267883,Credit
227,72,2024-05-24,Friday,Hyundai Elantra,240686940,Credit
228,72,2024-05-13,Monday,Hyundai Elantra,247149071,Credit
229,72,2024-05-12,Sunday,Chevrolet Spark,124137270,Credit
230,73,2024-05-02,Thursday,Chevrolet Spark,144848140,Credit
231,73,2024-05-03,Friday,Chevrolet Spark,127185197,Credit
232,73,2024-05-30,Thursday,Chevrolet Spark,147259197,Credit
233,73,2024-05-25,Saturday,Hyundai Elantra,226035947,Leasing
234,73,2024-05-10,Friday,Chevrolet Spark,121859582,Credit
235,74,2024-05-05,Sunday,Toyota Camry,314372528,Cash
236,74,2024-05-14,Tuesday,Chevrolet Spark,125408753,Credit
237,75,2024-05-30,Thursday,Toyota Camry,376767936,Leasing
238,75,2024-05-15,Wednesday,Hyundai Elantra,240057648,Credit
239,75,2024-05-04,Saturday,Chevrolet Spark,139965945,Leasing
240,75,2024-05-05,Sunday,Chevrolet Spark,135110853,Leasing
241,75,2024-05-14,Tuesday,Toyota Camry,384445004,Leasing
242,76,2024-05-07,Tuesday,BMW X5,889716026,Credit
243,76,2024-05-29,Wednesday,Kia Sorento,410072820,Leasing
244,77,2024-05-14,Tuesday,Hyundai Elantra,219984609,Credit
245,78,2024-05-09,Thursday,Chevrolet Spark,146401026,Leasing
246,78,2024-05-05,Sunday,Chevrolet Spark,121514542,Credit
247,78,2024-05-09,Thursday,BMW X5,807509488,Cash
248,78,2024-05-10,Friday,Toyota Camry,396363345,Credit
249,79,2024-05-24,Friday,Kia Sorento,374440805,Credit
250,79,2024-05-29,Wednesday,Hyundai Elantra,218453059,Credit
251,79,2024-05-02,Thursday,Hyundai Elantra,202339767,Credit
252,79,2024-05-28,Tuesday,Hyundai Elantra,210851224,Leasing
253,80,2024-05-10,Friday,Kia Sorento,434212996,Leasing
254,80,2024-05-02,Thursday,Hyundai Elantra,221827621,Credit
255,80,2024-05-05,Sunday,Chevrolet Spark,125809041,Cash
256,80,2024-05-28,Tuesday,Chevrolet Spark,136556827,Cash
257,81,2024-05-17,Friday,Chevrolet Spark,120402732,Credit
258,81,2024-05-29,Wednesday,Kia Sorento,387877058,Credit
259,81,2024-05-02,Thursday,Hyundai Elantra,221981132,Credit
260,81,2024-05-06,Monday,Hyundai Elantra,237734735,Credit
261,81,2024-05-01,Wednesday,Chevrolet Spark,137824559,Leasing
262,82,2024-05-11,Saturday,Hyundai Elantra,235284660,Credit
263,83,2024-05-27,Monday,Kia Sorento,360115078,Leasing
264,83,2024-05-13,Monday,BMW X5,825616114,Leasing
265,83,2024-05-10,Friday,Chevrolet Spark,128859060,Leasing
266,83,2024-05-18,Saturday,BMW X5,784328141,Leasing
267,83,2024-05-12,Sunday,Chevrolet Spark,144859871,Cash
268,84,2024-05-27,Monday,BMW X5,729263888,Cash
269,84,2024-05-02,Thursday,Hyundai Elantra,237518167,Leasing
270,84,2024-05-16,Thursday,Chevrolet Spark,133810077,Cash
271,84,2024-05-09,Thursday,BMW X5,826152510,Credit
272,84,2024-05-15,Wednesday,Kia Sorento,387622748,Leasing
273,85,2024-05-20,Monday,Hyundai Elantra,222922481,Leasing
274,86,2024-05-17,Friday,Kia Sorento,440503568,Credit
275,87,2024-05-01,Wednesday,Chevrolet Spark,138820215,Cash
276,88,2024-05-18,Saturday,BMW X5,834766876,Credit
277,89,2024-05-27,Monday,Chevrolet Spark,121935740,Credit
278,89,2024-05-29,Wednesday,Chevrolet Spark,134163589,Credit
279,89,2024-05-19,Sunday,Hyundai Elantra,204421590,Credit
280,89,2024-05-14,Tuesday,Toyota Camry,329221379,Credit
281,90,2024-05-13,Monday,Kia Sorento,408237814,Leasing
282,90,2024-05-11,Saturday,Chevrolet Spark,138279553,Leasing
283,90,2024-05-20,Monday,Toyota Camry,399898906,Leasing
284,91,2024-05-30,Thursday,Chevrolet Spark,131370075,Leasing
285,91,2024-05-15,Wednesday,Hyundai Elantra,248943187,Credit
286,91,2024-05-25,Saturday,Hyundai Elantra,213245696,Credit
287,92,2024-05-06,Monday,Hyundai Elantra,242862524,Credit
288,93,2024-05-17,Friday,Kia Sorento,351074961,Leasing
289,93,2024-05-16,Thursday,Toyota Camry,312866619,Cash
290,93,2024-05-17,Friday,Chevrolet Spark,142422023,Leasing
291,94,2024-05-14,Tuesday,Hyundai Elantra,209607366,Credit
292,94,2024-05-12,Sunday,Chevrolet Spark,149142843,Leasing
293,94,2024-05-20,Monday,Toyota Camry,354856856,Cash
294,95,2024-05-07,Tuesday,Chevrolet Spark,145244907,Credit
295,96,2024-05-09,Thursday,Chevrolet Spark,139651515,Cash
296,96,2024-05-22,Wednesday,Chevrolet Spark,138581889,Leasing
297,96,2024-05-11,Saturday,BMW X5,805573072,Cash
298,97,2024-05-18,Saturday,Toyota Camry,388240465,Credit
299,97,2024-05-06,Monday,Hyundai Elantra,232134444,Leasing
300,97,2024-05-28,Tuesday,Kia Sorento,385943815,Leasing
301,97,2024-05-19,Sunday,Chevrolet Spark,125282379,Leasing
302,97,2024-05-15,Wednesday,Hyundai Elantra,237712981,Credit
303,98,2024-05-01,Wednesday,Hyundai Elantra,241965471,Leasing
304,98,2024-05-01,Wednesday,Hyundai Elantra,241839392,Leasing
305,99,2024-05-30,Thursday,Chevrolet Spark,121947763,Credit
306,99,2024-05-07,Tuesday,Chevrolet Spark,141650278,Credit
307,100,2024-05-26,Sunday,Toyota Camry,354332385,Cash
308,101,2024-05-12,Sunday,Chevrolet Spark,135538122,Cash
309,101,2024-05-27,Monday,Chevrolet Spark,148023557,Credit
310,101,2024-05-09,Thursday,Toyota Camry,342307399,Leasing
311,101,2024-05-30,Thursday,Kia Sorento,429491182,Leasing
312,102,2024-05-07,Tuesday,Hyundai Elantra,226312911,Credit
313,103,2024-05-26,Sunday,Toyota Camry,352200318,Credit
314,103,2024-05-09,Thursday,Chevrolet Spark,124755469,Cash
315,103,2024-05-22,Wednesday,Hyundai Elantra,241528843,Cash
316,103,2024-05-13,Monday,Hyundai Elantra,203832978,Leasing
317,104,2024-05-04,Saturday,Hyundai Elantra,236286070,Credit
318,104,2024-05-19,Sunday,Chevrolet Spark,142489029,Leasing
319,105,2024-05-22,Wednesday,Chevrolet Spark,134672183,Leasing
320,106,2024-05-03,Friday,Chevrolet Spark,140718322,Credit
321,106,2024-05-29,Wednesday,Hyundai Elantra,201946830,Credit
322,106,2024-05-12,Sunday,Chevrolet Spark,122605214,Credit
323,106,2024-05-24,Friday,Hyundai Elantra,209384451,Leasing
324,106,2024-05-30,Thursday,BMW X5,872267671,Credit
325,107,2024-05-19,Sunday,Hyundai Elantra,204790691,Cash
326,107,2024-05-02,Thursday,Hyundai Elantra,217066318,Leasing
327,107,2024-05-06,Monday,Hyundai Elantra,233321714,Credit
328,108,2024-05-22,Wednesday,Hyundai Elantra,237998210,Credit
329,108,2024-05-08,Wednesday,Kia Sorento,423195232,Cash
330,108,2024-05-08,Wednesday,Hyundai Elantra,234812381,Cash
331,108,2024-05-12,Sunday,Hyundai Elantra,239092598,Credit
332,109,2024-05-06,Monday,Hyundai Elantra,215648245,Leasing
333,109,2024-05-15,Wednesday,Hyundai Elantra,205540070,Credit
334,109,2024-05-02,Thursday,Chevrolet Spark,135830160,Credit
335,110,2024-05-25,Saturday,Hyundai Elantra,202090212,Cash
336,110,2024-05-01,Wednesday,Toyota Camry,325227191,Credit
337,110,2024-05-23,Thursday,Hyundai Elantra,207196042,Leasing
338,111,2024-05-22,Wednesday,Chevrolet Spark,137819593,Credit
339,112,2024-05-12,Sunday,BMW X5,751255428,Credit
340,112,2024-05-11,Saturday,BMW X5,710856760,Cash
341,112,2024-05-20,Monday,Toyota Camry,350629738,Leasing
342,113,2024-05-05,Sunday,Toyota Camry,302320688,Leasing
343,113,2024-05-12,Sunday,Hyundai Elantra,220792686,Leasing
344,113,2024-05-12,Sunday,Toyota Camry,312617619,Credit
345,113,2024-05-02,Thursday,Chevrolet Spark,139621156,Leasing
346,113,2024-05-29,Wednesday,Kia Sorento,375560098,Credit
347,114,2024-05-21,Tuesday,Chevrolet Spark,127500960,Credit
348,114,2024-05-14,Tuesday,Toyota Camry,396117011,Leasing
349,114,2024-05-24,Friday,Toyota Camry,374645629,Leasing
350,115,2024-05-18,Saturday,BMW X5,775643942,Credit
351,116,2024-05-15,Wednesday,Toyota Camry,345587883,Credit
352,116,2024-05-23,Thursday,Chevrolet Spark,133926188,Cash
353,116,2024-05-18,Saturday,Chevrolet Spark,126689142,Cash
354,116,2024-05-21,Tuesday,Chevrolet Spark,123122951,Cash
355,116,2024-05-06,Monday,BMW X5,722791342,Credit
356,117,2024-05-23,Thursday,BMW X5,775230621,Credit
357,117,2024-05-17,Friday,Toyota Camry,389588014,Credit
358,118,2024-05-12,Sunday,Chevrolet Spark,147693400,Credit
359,118,2024-05-01,Wednesday,Toyota Camry,314497054,Credit
360,118,2024-05-21,Tuesday,Toyota Camry,363072616,Cash
361,119,2024-05-28,Tuesday,Chevrolet Spark,134566079,Cash
362,120,2024-05-09,Thursday,BMW X5,710427148,Leasing
363,120,2024-05-13,Monday,Hyundai Elantra,215099203,Credit
364,121,2024-05-06,Monday,Chevrolet Spark,135165029,Credit
365,121,2024-05-02,Thursday,Toyota Camry,371140328,Credit
366,122,2024-05-13,Monday,Kia Sorento,417084285,Credit
367,122,2024-05-25,Saturday,Hyundai Elantra,222371392,Credit
368,122,2024-05-07,Tuesday,Toyota Camry,323277458,Credit
369,122,2024-05-25,Saturday,Toyota Camry,362005983,Credit
370,123,2024-05-12,Sunday,Chevrolet Spark,124828426,Credit
371,123,2024-05-14,Tuesday,Toyota Camry,340133569,Credit
372,123,2024-05-03,Friday,Hyundai Elantra,214846767,Leasing
373,123,2024-05-28,Tuesday,Chevrolet Spark,142807705,Cash
374,123,2024-05-05,Sunday,Hyundai Elantra,208793380,Credit
375,124,2024-05-04,Saturday,Toyota Camry,363923119,Credit
376,124,2024-05-14,Tuesday,Toyota Camry,377411194,Credit
377,124,2024-05-21,Tuesday,Chevrolet Spark,146153295,Credit
378,125,2024-05-28,Tuesday,Kia Sorento,439268938,Credit
379,126,2024-05-04,Saturday,BMW X5,868030677,Cash
380,126,2024-05-14,Tuesday,Hyundai Elantra,229105135,Credit
381,126,2024-05-14,Tuesday,Chevrolet Spark,146417902,Credit
382,126,2024-05-08,Wednesday,Chevrolet Spark,124117923,Leasing
383,127,2024-05-02,Thursday,Chevrolet Spark,132290137,Cash
384,127,2024-05-11,Saturday,Chevrolet Spark,120175211,Cash
385,127,2024-05-13,Monday,Chevrolet Spark,146696638,Cash
386,127,2024-05-10,Friday,Chevrolet Spark,135848375,Leasing
387,127,2024-05-04,Saturday,Chevrolet Spark,133952821,Credit
388,128,2024-05-24,Friday,Toyota Camry,379690286,Leasing
389,128,2024-05-23,Thursday,Kia Sorento,415176852,Leasing
390,128,2024-05-09,Thursday,Kia Sorento,442796686,Credit
391,128,2024-05-26,Sunday,Hyundai Elantra,240364615,Leasing
392,129,2024-05-17,Friday,Hyundai Elantra,222271555,Credit
393,129,2024-05-19,Sunday,BMW X5,899392422,Credit
394,129,2024-05-18,Saturday,Kia Sorento,411279200,Credit
395,129,2024-05-05,Sunday,Hyundai Elantra,210732002,Leasing
396,129,2024-05-01,Wednesday,Hyundai Elantra,208437712,Cash
397,130,2024-05-05,Sunday,Hyundai Elantra,213147590,Credit
398,130,2024-05-10,Friday,Chevrolet Spark,123119612,Cash
399,130,2024-05-25,Saturday,BMW X5,749133346,Credit
400,130,2024-05-18,Saturday,Hyundai Elantra,227164021,Credit
401,130,2024-05-09,Thursday,Toyota Camry,396662502,Credit
402,131,2024-05-14,Tuesday,Chevrolet Spark,144003801,Credit
403,131,2024-05-07,Tuesday,Toyota Camry,363975459,Cash
404,131,2024-05-01,Wednesday,Hyundai Elantra,245367368,Credit
405,132,2024-05-27,Monday,Hyundai Elantra,233418214,Cash
406,132,2024-05-17,Friday,BMW X5,891566779,Leasing
407,132,2024-05-27,Monday,Kia Sorento,440827527,Leasing
408,132,2024-05-18,Saturday,Kia Sorento,401879723,Credit
409,132,2024-05-03,Friday,Chevrolet Spark,143467137,Leasing
410,133,2024-05-02,Thursday,Hyundai Elantra,247697698,Leasing
411,133,2024-05-30,Thursday,Chevrolet Spark,130093205,Credit
412,133,2024-05-04,Saturday,BMW X5,742778076,Credit
413,133,2024-05-25,Saturday,Chevrolet Spark,133863529,Cash
414,134,2024-05-25,Saturday,Kia Sorento,355311499,Credit
415,134,2024-05-12,Sunday,BMW X5,860573954,Leasing
416,134,2024-05-13,Monday,Chevrolet Spark,143255666,Cash
417,134,2024-05-05,Sunday,Toyota Camry,379885559,Credit
418,134,2024-05-25,Saturday,Toyota Camry,330267797,Cash
419,135,2024-05-07,Tuesday,Kia Sorento,413292404,Leasing
420,135,2024-05-06,Monday,Chevrolet Spark,122615804,Cash
421,135,2024-05-01,Wednesday,Chevrolet Spark,144640236,Credit
422,136,2024-05-21,Tuesday,Hyundai Elantra,220101880,Credit
423,136,2024-05-11,Saturday,BMW X5,827575741,Credit
424,136,2024-05-04,Saturday,BMW X5,857901061,Leasing
425,137,2024-05-11,Saturday,Toyota Camry,317503547,Leasing
426,137,2024-05-10,Friday,Toyota Camry,395257136,Cash
427,137,2024-05-18,Saturday,Toyota Camry,377540509,Leasing
428,137,2024-05-30,Thursday,Kia Sorento,419913666,Leasing
429,138,2024-05-20,Monday,Toyota Camry,343069838,Credit
430,138,2024-05-02,Thursday,Chevrolet Spark,140892578,Credit
431,139,2024-05-20,Monday,Hyundai Elantra,246625033,Leasing
432,139,2024-05-25,Saturday,Hyundai Elantra,205272864,Leasing
433,140,2024-05-14,Tuesday,Chevrolet Spark,125185773,Cash
434,140,2024-05-03,Friday,BMW X5,754549381,Cash
435,140,2024-05-21,Tuesday,Chevrolet Spark,127179156,Cash
436,140,2024-05-25,Saturday,Chevrolet Spark,127904428,Credit
437,140,2024-05-28,Tuesday,Chevrolet Spark,146379085,Leasing
438,141,2024-05-29,Wednesday,Chevrolet Spark,120864645,Cash
439,142,2024-05-11,Saturday,Toyota Camry,390401430,Cash
440,142,2024-05-19,Sunday,Toyota Camry,318392993,Credit
441,142,2024-05-02,Thursday,Hyundai Elantra,218268849,Cash
442,142,2024-05-24,Friday,Hyundai Elantra,236344790,Credit
443,142,2024-05-03,Friday,Chevrolet Spark,126210715,Credit
444,143,2024-05-19,Sunday,Chevrolet Spark,137686927,Cash
445,143,2024-05-04,Saturday,Hyundai Elantra,243570727,Leasing
446,143,2024-05-07,Tuesday,Chevrolet Spark,128064220,Credit
447,143,2024-05-28,Tuesday,Toyota Camry,323912113,Cash
448,144,2024-05-20,Monday,Hyundai Elantra,230590972,Credit
449,144,2024-05-27,Monday,Hyundai Elantra,221526982,Leasing
450,144,2024-05-22,Wednesday,BMW X5,876755073,Cash
451,144,2024-05-21,Tuesday,Chevrolet Spark,128592974,Credit
452,145,2024-05-23,Thursday,Chevrolet Spark,137438118,Credit
453,145,2024-05-13,Monday,Chevrolet Spark,149319409,Credit
454,145,2024-05-21,Tuesday,Kia Sorento,444818476,Cash
455,145,2024-05-17,Friday,Chevrolet Spark,124657851,Credit
456,146,2024-05-21,Tuesday,Toyota Camry,318608310,Cash
457,146,2024-05-30,Thursday,Chevrolet Spark,138740787,Credit
458,146,2024-05-18,Saturday,Hyundai Elantra,203815144,Credit
459,146,2024-05-29,Wednesday,Hyundai Elantra,216177172,Leasing
460,147,2024-05-17,Friday,BMW X5,858498832,Credit
461,147,2024-05-09,Thursday,Kia Sorento,350442939,Cash
462,147,2024-05-01,Wednesday,BMW X5,865039929,Credit
463,147,2024-05-08,Wednesday,Toyota Camry,352404938,Credit
464,148,2024-05-08,Wednesday,BMW X5,750120903,Credit
465,148,2024-05-17,Friday,Chevrolet Spark,131952983,Leasing
466,148,2024-05-05,Sunday,Kia Sorento,402492736,Credit
467,149,2024-05-08,Wednesday,Chevrolet Spark,148634616,Leasing
468,149,2024-05-01,Wednesday,Chevrolet Spark,124055447,Cash
469,150,2024-05-17,Friday,BMW X5,754096103,Credit
470,150,2024-05-14,Tuesday,BMW X5,842807475,Leasing
471,150,2024-05-07,Tuesday,Kia Sorento,397637042,Cash
472,150,2024-05-05,Sunday,Toyota Camry,377457397,Leasing
473,151,2024-05-10,Friday,Chevrolet Spark,137380319,Credit
474,152,2024-05-17,Friday,Chevrolet Spark,135453951,Credit
475,153,2024-05-09,Thursday,Hyundai Elantra,211004849,Cash
476,154,2024-05-04,Saturday,Toyota Camry,329009512,Credit
477,155,2024-05-26,Sunday,Hyundai Elantra,222289150,Leasing
478,155,2024-05-21,Tuesday,Chevrolet Spark,143992154,Leasing
479,155,2024-05-22,Wednesday,Hyundai Elantra,222089615,Leasing
480,156,2024-05-28,Tuesday,Chevrolet Spark,140070921,Credit
481,157,2024-05-08,Wednesday,Kia Sorento,355418952,Credit
482,157,2024-05-27,Monday,Kia Sorento,408638329,Credit
483,157,2024-05-22,Wednesday,Hyundai Elantra,227670483,Cash
484,157,2024-05-19,Sunday,BMW X5,789381751,Leasing
485,158,2024-05-26,Sunday,Kia Sorento,425677302,Leasing
486,158,2024-05-12,Sunday,BMW X5,709625105,Credit
487,158,2024-05-30,Thursday,Toyota Camry,341835879,Credit
488,158,2024-05-23,Thursday,Kia Sorento,440962122,Credit
489,158,2024-05-22,Wednesday,BMW X5,869892699,Cash
490,159,2024-05-18,Saturday,Chevrolet Spark,144096980,Leasing
491,160,2024-05-27,Monday,BMW X5,725137138,Cash
492,160,2024-05-12,Sunday,Kia Sorento,397189674,Leasing
493,160,2024-05-01,Wednesday,Toyota Camry,370001342,Cash
494,161,2024-05-23,Thursday,Toyota Camry,363019115,Credit
495,161,2024-05-05,Sunday,Chevrolet Spark,122662761,Credit
496,161,2024-05-08,Wednesday,Chevrolet Spark,147705858,Leasing
497,162,2024-05-08,Wednesday,Chevrolet Spark,140686655,Leasing
498,163,2024-05-11,Saturday,Chevrolet Spark,120689556,Leasing
499,163,2024-05-07,Tuesday,Toyota Camry,301649729,Credit
500,163,2024-05-13,Monday,Hyundai Elantra,236653987,Cash
501,163,2024-05-26,Sunday,Kia Sorento,436674443,Leasing
502,163,2024-05-14,Tuesday,Toyota Camry,337264820,Credit
503,164,2024-05-11,Saturday,Toyota Camry,306739013,Leasing
504,165,2024-05-05,Sunday,Chevrolet Spark,131009646,Credit
505,165,2024-05-20,Monday,Toyota Camry,355073945,Credit
506,165,2024-05-21,Tuesday,Chevrolet Spark,147906918,Cash
507,166,2024-05-06,Monday,Chevrolet Spark,127008443,Leasing
508,166,2024-05-20,Monday,Hyundai Elantra,243420892,Credit
509,167,2024-05-24,Friday,Chevrolet Spark,148727993,Credit
510,167,2024-05-04,Saturday,Chevrolet Spark,129546263,Credit
511,167,2024-05-18,Saturday,Hyundai Elantra,231386811,Leasing
512,167,2024-05-17,Friday,Hyundai Elantra,235969234,Cash
513,168,2024-05-13,Monday,Toyota Camry,356775993,Leasing
514,168,2024-05-04,Saturday,Toyota Camry,311592111,Credit
515,168,2024-05-30,Thursday,Hyundai Elantra,206367712,Cash
516,169,2024-05-20,Monday,Chevrolet Spark,139292635,Leasing
517,170,2024-05-11,Saturday,Kia Sorento,428140533,Credit
518,170,2024-05-17,Friday,Kia Sorento,368904815,Cash
519,170,2024-05-15,Wednesday,Hyundai Elantra,237937226,Leasing
520,170,2024-05-26,Sunday,Toyota Camry,313099507,Credit
521,171,2024-05-18,Saturday,Chevrolet Spark,141214826,Cash
522,172,2024-05-30,Thursday,Hyundai Elantra,243682501,Credit
523,173,2024-05-13,Monday,Toyota Camry,339929257,Leasing
524,173,2024-05-26,Sunday,Kia Sorento,402209619,Leasing
525,174,2024-05-10,Friday,Kia Sorento,429538531,Cash
526,174,2024-05-04,Saturday,Chevrolet Spark,143518502,Credit
527,174,2024-05-01,Wednesday,Toyota Camry,330190179,Leasing
528,174,2024-05-22,Wednesday,Chevrolet Spark,147270507,Cash
529,175,2024-05-20,Monday,Hyundai Elantra,214987811,Cash
530,175,2024-05-24,Friday,Chevrolet Spark,124024733,Cash
531,175,2024-05-07,Tuesday,Chevrolet Spark,120019675,Leasing
532,175,2024-05-10,Friday,Chevrolet Spark,126810805,Credit
533,176,2024-05-25,Saturday,Kia Sorento,362310059,Cash
534,176,2024-05-04,Saturday,Chevrolet Spark,120658003,Credit
535,177,2024-05-11,Saturday,Chevrolet Spark,125028035,Credit
536,177,2024-05-27,Monday,Chevrolet Spark,125995134,Credit
537,177,2024-05-24,Friday,Hyundai Elantra,212834263,Credit
538,178,2024-05-07,Tuesday,Hyundai Elantra,227758455,Credit
539,179,2024-05-25,Saturday,Hyundai Elantra,246389268,Credit
540,179,2024-05-03,Friday,Toyota Camry,315851428,Credit
541,179,2024-05-19,Sunday,Chevrolet Spark,127402324,Credit
542,179,2024-05-25,Saturday,Chevrolet Spark,147531424,Cash
543,179,2024-05-04,Saturday,Hyundai Elantra,246021624,Leasing
544,180,2024-05-23,Thursday,Toyota Camry,350538135,Cash
545,181,2024-05-02,Thursday,Toyota Camry,348515114,Cash
546,182,2024-05-22,Wednesday,Hyundai Elantra,215140449,Cash
547,182,2024-05-06,Monday,Toyota Camry,396123721,Cash
548,182,2024-05-02,Thursday,Hyundai Elantra,216374601,Credit
549,183,2024-05-16,Thursday,Toyota Camry,360910677,Credit
550,184,2024-05-15,Wednesday,Hyundai Elantra,240925115,Credit
551,184,2024-05-03,Friday,Chevrolet Spark,141595966,Credit
552,185,2024-05-07,Tuesday,BMW X5,892619673,Credit
553,185,2024-05-14,Tuesday,Kia Sorento,427076110,Credit
554,186,2024-05-21,Tuesday,Toyota Camry,323063155,Leasing
555,186,2024-05-27,Monday,BMW X5,703133211,Leasing
556,186,2024-05-02,Thursday,Chevrolet Spark,132858621,Credit
557,186,2024-05-12,Sunday,Toyota Camry,373418978,Cash
558,187,2024-05-20,Monday,Hyundai Elantra,229018490,Credit
559,187,2024-05-19,Sunday,Hyundai Elantra,234829066,Credit
560,187,2024-05-10,Friday,Chevrolet Spark,141940731,Leasing
561,187,2024-05-04,Saturday,Chevrolet Spark,124463158,Credit
562,187,2024-05-15,Wednesday,Kia Sorento,357640167,Credit
563,188,2024-05-28,Tuesday,Toyota Camry,351588363,Cash
564,189,2024-05-16,Thursday,Kia Sorento,445289626,Credit
565,190,2024-05-08,Wednesday,Hyundai Elantra,218737371,Credit
566,190,2024-05-08,Wednesday,Kia Sorento,383833647,Cash
567,190,2024-05-04,Saturday,Toyota Camry,390040053,Leasing
568,191,2024-05-09,Thursday,Toyota Camry,322362925,Credit
569,191,2024-05-01,Wednesday,Hyundai Elantra,227640477,Credit
570,192,2024-05-04,Saturday,BMW X5,881601785,Credit
571,192,2024-05-23,Thursday,Chevrolet Spark,141767704,Cash
572,192,2024-05-04,Saturday,Kia Sorento,415532833,Credit
573,192,2024-05-30,Thursday,Kia Sorento,411963740,Credit
574,192,2024-05-06,Monday,Toyota Camry,397679570,Leasing
575,193,2024-05-25,Saturday,Hyundai Elantra,239242670,Credit
576,193,2024-05-09,Thursday,Hyundai Elantra,242251489,Leasing
577,193,2024-05-12,Sunday,Chevrolet Spark,128102873,Credit
578,193,2024-05-28,Tuesday,Toyota Camry,329581501,Leasing
579,194,2024-05-03,Friday,Chevrolet Spark,138001960,Leasing
580,194,2024-05-18,Saturday,Toyota Camry,363349631,Credit
581,195,2024-05-05,Sunday,Kia Sorento,394474126,Credit
582,195,2024-05-01,Wednesday,Chevrolet Spark,138479375,Cash
583,195,2024-05-03,Friday,Kia Sorento,380671003,Credit
584,195,2024-05-06,Monday,BMW X5,870422395,Leasing
585,196,2024-05-23,Thursday,Hyundai Elantra,209693374,Credit
586,196,2024-05-26,Sunday,Toyota Camry,371415950,Credit
587,196,2024-05-03,Friday,Kia Sorento,358831924,Credit
588,197,2024-05-14,Tuesday,BMW X5,894403728,Leasing
589,197,2024-05-03,Friday,Chevrolet Spark,121760462,Credit
590,197,2024-05-01,Wednesday,BMW X5,700809178,Credit
591,198,2024-05-27,Monday,Hyundai Elantra,219339821,Credit
592,199,2024-05-04,Saturday,Hyundai Elantra,216530109,Credit
593,199,2024-05-30,Thursday,Kia Sorento,394324346,Credit
594,199,2024-05-25,Saturday,Hyundai Elantra,249606925,Leasing
595,199,2024-05-23,Thursday,Chevrolet Spark,139599352,Credit
596,199,2024-05-19,Sunday,Kia Sorento,400746642,Leasing
597,200,2024-05-20,Monday,BMW X5,868238142,Credit
598,200,2024-05-28,Tuesday,BMW X5,835382523,Credit
599,200,2024-05-20,Monday,Chevrolet Spark,122409381,Cash
600,200,2024-05-04,Saturday,Chevrolet Spark,139720511,Credit
601,201,2024-05-20,Monday,Chevrolet Spark,139789002,Cash
602,201,2024-05-09,Thursday,Chevrolet Spark,124319453,Credit
603,202,2024-05-27,Monday,Toyota Camry,336566791,Leasing
604,202,2024-05-29,Wednesday,Hyundai Elantra,207204776,Leasing
605,202,2024-05-23,Thursday,Hyundai Elantra,243066429,Leasing
606,203,2024-05-30,Thursday,Hyundai Elantra,209241354,Leasing
607,204,2024-05-18,Saturday,Hyundai Elantra,211059860,Cash
608,205,2024-05-20,Monday,Chevrolet Spark,137178283,Cash
609,205,2024-05-29,Wednesday,Hyundai Elantra,205994376,Credit
610,205,2024-05-17,Friday,Chevrolet Spark,131594207,Credit
611,205,2024-05-13,Monday,Toyota Camry,384641191,Credit
612,206,2024-05-12,Sunday,Hyundai Elantra,235104616,Credit
613,206,2024-05-20,Monday,Hyundai Elantra,245562388,Credit
614,206,2024-05-20,Monday,Toyota Camry,362730418,Credit
615,207,2024-05-07,Tuesday,Chevrolet Spark,127296405,Leasing
616,207,2024-05-03,Friday,Toyota Camry,355967937,Credit
617,207,2024-05-27,Monday,Toyota Camry,326912512,Credit
618,207,2024-05-06,Monday,Chevrolet Spark,138861720,Cash
619,207,2024-05-29,Wednesday,Hyundai Elantra,204854042,Cash
620,208,2024-05-28,Tuesday,Toyota Camry,355685560,Credit
621,208,2024-05-17,Friday,Toyota Camry,304268173,Credit
622,208,2024-05-13,Monday,Toyota Camry,371178892,Credit
623,209,2024-05-17,Friday,Chevrolet Spark,121369277,Leasing
624,209,2024-05-20,Monday,Chevrolet Spark,132554841,Credit
625,209,2024-05-21,Tuesday,Kia Sorento,404407485,Credit
626,209,2024-05-22,Wednesday,BMW X5,794553864,Leasing
627,210,2024-05-17,Friday,Toyota Camry,386278999,Credit
628,210,2024-05-27,Monday,Toyota Camry,382335423,Leasing
629,210,2024-05-19,Sunday,Hyundai Elantra,232434302,Credit
630,210,2024-05-01,Wednesday,Hyundai Elantra,247718418,Credit
631,211,2024-05-08,Wednesday,Kia Sorento,385103852,Credit
632,211,2024-05-16,Thursday,Hyundai Elantra,208312934,Leasing
633,211,2024-05-05,Sunday,Chevrolet Spark,135414106,Cash
634,212,2024-05-30,Thursday,Chevrolet Spark,140775638,Cash
635,212,2024-05-20,Monday,Toyota Camry,389067457,Credit
636,212,2024-05-01,Wednesday,Hyundai Elantra,241566801,Cash
637,212,2024-05-15,Wednesday,Hyundai Elantra,205059667,Leasing
638,213,2024-05-12,Sunday,Chevrolet Spark,133781646,Leasing
639,213,2024-05-02,Thursday,Kia Sorento,446292968,Credit
640,213,2024-05-19,Sunday,Toyota Camry,343513097,Credit
641,214,2024-05-19,Sunday,Kia Sorento,430846200,Cash
642,214,2024-05-03,Friday,Toyota Camry,395482484,Leasing
643,215,2024-05-06,Monday,Toyota Camry,396693597,Cash
644,215,2024-05-17,Friday,Toyota Camry,305337355,Credit
645,215,2024-05-01,Wednesday,Chevrolet Spark,123999694,Cash
646,216,2024-05-21,Tuesday,Kia Sorento,394768534,Leasing
647,216,2024-05-06,Monday,Kia Sorento,371444021,Leasing
648,216,2024-05-04,Saturday,Toyota Camry,348465992,Credit
649,217,2024-05-26,Sunday,Kia Sorento,382337259,Leasing
650,217,2024-05-03,Friday,Toyota Camry,372010923,Leasing
651,217,2024-05-23,Thursday,Toyota Camry,384605487,Cash
652,217,2024-05-27,Monday,Kia Sorento,427678179,Credit
653,218,2024-05-24,Friday,Toyota Camry,345570487,Cash
654,218,2024-05-07,Tuesday,Hyundai Elantra,209137344,Leasing
655,218,2024-05-19,Sunday,Chevrolet Spark,142322619,Credit
656,218,2024-05-03,Friday,Toyota Camry,339564766,Leasing
657,219,2024-05-11,Saturday,Hyundai Elantra,222529829,Leasing
658,220,2024-05-08,Wednesday,Chevrolet Spark,149871731,Credit
659,221,2024-05-06,Monday,Hyundai Elantra,203325315,Cash
660,221,2024-05-18,Saturday,Toyota Camry,337375319,Credit
661,222,2024-05-11,Saturday,Chevrolet Spark,143846553,Cash
662,223,2024-05-22,Wednesday,BMW X5,868148954,Cash
663,223,2024-05-18,Saturday,Chevrolet Spark,147646076,Credit
664,223,2024-05-30,Thursday,Chevrolet Spark,149051004,Credit
665,224,2024-05-28,Tuesday,Hyundai Elantra,228465797,Credit
666,224,2024-05-28,Tuesday,Toyota Camry,330732364,Credit
667,224,2024-05-30,Thursday,Toyota Camry,345148268,Leasing
668,224,2024-05-22,Wednesday,Toyota Camry,339206376,Credit
669,225,2024-05-02,Thursday,Chevrolet Spark,140271924,Leasing
670,226,2024-05-19,Sunday,Toyota Camry,361482337,Credit
671,227,2024-05-19,Sunday,Chevrolet Spark,147962285,Credit
672,227,2024-05-21,Tuesday,BMW X5,892533315,Credit
673,228,2024-05-28,Tuesday,Toyota Camry,328105186,Cash
674,228,2024-05-02,Thursday,Hyundai Elantra,247905202,Leasing
675,229,2024-05-03,Friday,Kia Sorento,407222357,Credit
676,229,2024-05-26,Sunday,Hyundai Elantra,219382100,Cash
677,229,2024-05-05,Sunday,Hyundai Elantra,202975605,Credit
678,230,2024-05-27,Monday,Toyota Camry,314573834,Credit
679,230,2024-05-15,Wednesday,Toyota Camry,324276628,Leasing
680,230,2024-05-07,Tuesday,Chevrolet Spark,142111184,Credit
681,230,2024-05-09,Thursday,Toyota Camry,328098059,Leasing
682,231,2024-05-19,Sunday,Hyundai Elantra,219847987,Leasing
683,231,2024-05-23,Thursday,Hyundai Elantra,219471461,Credit
684,232,2024-05-30,Thursday,Toyota Camry,349566094,Credit
685,233,2024-05-25,Saturday,Hyundai Elantra,229920720,Leasing
686,233,2024-05-14,Tuesday,Toyota Camry,325580123,Leasing
687,233,2024-05-15,Wednesday,Toyota Camry,379659372,Credit
688,233,2024-05-09,Thursday,Chevrolet Spark,133605804,Credit
689,234,2024-05-17,Friday,Hyundai Elantra,225801543,Cash
690,234,2024-05-06,Monday,Hyundai Elantra,244807180,Leasing
691,234,2024-05-29,Wednesday,BMW X5,782102991,Leasing
692,234,2024-05-22,Wednesday,Kia Sorento,366994986,Leasing
693,235,2024-05-10,Friday,Chevrolet Spark,130825853,Credit
694,236,2024-05-12,Sunday,Kia Sorento,411423138,Credit
695,236,2024-05-25,Saturday,Kia Sorento,443613218,Leasing
696,237,2024-05-08,Wednesday,BMW X5,817304807,Credit
697,238,2024-05-07,Tuesday,Chevrolet Spark,145103651,Leasing
698,238,2024-05-01,Wednesday,Chevrolet Spark,144334476,Leasing
699,238,2024-05-05,Sunday,Toyota Camry,369217406,Leasing
700,238,2024-05-03,Friday,Hyundai Elantra,245010023,Credit
701,239,2024-05-02,Thursday,Chevrolet Spark,125553535,Credit
702,239,2024-05-06,Monday,Hyundai Elantra,209686599,Cash
703,239,2024-05-28,Tuesday,Kia Sorento,394050399,Cash
704,239,2024-05-29,Wednesday,Chevrolet Spark,127545189,Credit
705,239,2024-05-08,Wednesday,Chevrolet Spark,146357921,Leasing
706,240,2024-05-16,Thursday,Toyota Camry,386743361,Cash
707,240,2024-05-13,Monday,Kia Sorento,408558971,Leasing
708,240,2024-05-03,Friday,Kia Sorento,448689997,Cash
709,240,2024-05-23,Thursday,BMW X5,738636252,Credit
710,240,2024-05-07,Tuesday,Chevrolet Spark,122250397,Leasing
711,241,2024-05-21,Tuesday,Chevrolet Spark,128843026,Credit
712,241,2024-05-22,Wednesday,Chevrolet Spark,124473014,Credit
713,241,2024-05-30,Thursday,Hyundai Elantra,238362595,Credit
714,242,2024-05-20,Monday,Toyota Camry,399564557,Credit
715,243,2024-05-14,Tuesday,BMW X5,871670350,Credit
716,244,2024-05-04,Saturday,Chevrolet Spark,128197590,Leasing
717,244,2024-05-12,Sunday,Hyundai Elantra,212988365,Leasing
718,244,2024-05-24,Friday,Toyota Camry,399136586,Credit
719,245,2024-05-17,Friday,Chevrolet Spark,120578526,Cash
720,245,2024-05-29,Wednesday,Chevrolet Spark,131734111,Credit
721,245,2024-05-17,Friday,Chevrolet Spark,134607153,Credit
722,246,2024-05-06,Monday,Hyundai Elantra,228042104,Cash
723,246,2024-05-28,Tuesday,Chevrolet Spark,123689024,Cash
724,246,2024-05-09,Thursday,BMW X5,703641771,Credit
725,247,2024-05-18,Saturday,BMW X5,850079664,Credit
726,247,2024-05-24,Friday,BMW X5,815060132,Cash
727,247,2024-05-23,Thursday,Toyota Camry,354326176,Leasing
728,247,2024-05-25,Saturday,Kia Sorento,368740105,Cash
729,248,2024-05-21,Tuesday,Toyota Camry,343531276,Cash
730,249,2024-05-24,Friday,Toyota Camry,357005840,Credit
731,249,2024-05-25,Saturday,Chevrolet Spark,136331284,Credit
732,249,2024-05-19,Sunday,Toyota Camry,372739625,Cash
733,249,2024-05-22,Wednesday,BMW X5,701722907,Leasing
734,250,2024-05-03,Friday,Toyota Camry,391838097,Credit
735,250,2024-05-03,Friday,Toyota Camry,390645371,Leasing
736,250,2024-05-13,Monday,Toyota Camry,341574796,Credit
737,251,2024-05-02,Thursday,Chevrolet Spark,124739400,Leasing
738,252,2024-05-22,Wednesday,Toyota Camry,364384099,Credit
739,252,2024-05-13,Monday,Chevrolet Spark,137649544,Cash
740,252,2024-05-07,Tuesday,Chevrolet Spark,131688962,Credit
741,252,2024-05-12,Sunday,Chevrolet Spark,130764827,Leasing
742,253,2024-05-22,Wednesday,Toyota Camry,398102804,Credit
743,253,2024-05-03,Friday,Kia Sorento,396426160,Cash
744,253,2024-05-10,Friday,Toyota Camry,326271534,Leasing
745,253,2024-05-14,Tuesday,Hyundai Elantra,220696165,Credit
746,254,2024-05-22,Wednesday,Hyundai Elantra,248730509,Credit
747,254,2024-05-25,Saturday,Hyundai Elantra,209095781,Credit
748,254,2024-05-22,Wednesday,Chevrolet Spark,146227228,Credit
749,255,2024-05-04,Saturday,Chevrolet Spark,144340709,Leasing
750,256,2024-05-23,Thursday,Kia Sorento,448447022,Credit
751,256,2024-05-28,Tuesday,BMW X5,702363162,Credit
752,256,2024-05-10,Friday,Kia Sorento,416927749,Credit
753,257,2024-05-21,Tuesday,Chevrolet Spark,139978294,Credit
754,258,2024-05-20,Monday,Hyundai Elantra,235002379,Cash
755,258,2024-05-11,Saturday,Hyundai Elantra,206472652,Leasing
756,258,2024-05-15,Wednesday,Hyundai Elantra,200379039,Leasing
757,258,2024-05-01,Wednesday,Hyundai Elantra,242495479,Credit
758,258,2024-05-22,Wednesday,Chevrolet Spark,124371047,Cash
759,259,2024-05-09,Thursday,BMW X5,875199457,Credit
760,259,2024-05-15,Wednesday,Chevrolet Spark,133559001,Credit
761,260,2024-05-08,Wednesday,BMW X5,851137924,Credit
762,260,2024-05-20,Monday,Toyota Camry,356285723,Leasing
763,261,2024-05-17,Friday,Chevrolet Spark,122235883,Credit
764,261,2024-05-25,Saturday,Hyundai Elantra,200308617,Credit
765,262,2024-05-19,Sunday,Chevrolet Spark,147643572,Credit
766,262,2024-05-04,Saturday,Hyundai Elantra,209686427,Credit
767,262,2024-05-01,Wednesday,Hyundai Elantra,248257587,Credit
768,263,2024-05-22,Wednesday,Hyundai Elantra,219741160,Credit
769,263,2024-05-26,Sunday,Chevrolet Spark,120124932,Credit
770,263,2024-05-09,Thursday,Hyundai Elantra,239835189,Credit
771,263,2024-05-06,Monday,Hyundai Elantra,232290830,Credit
772,263,2024-05-26,Sunday,Toyota Camry,359009476,Credit
773,264,2024-05-30,Thursday,Kia Sorento,445197393,Credit
774,265,2024-05-14,Tuesday,Hyundai Elantra,240801245,Leasing
775,265,2024-05-08,Wednesday,Chevrolet Spark,133331690,Credit
776,265,2024-05-17,Friday,BMW X5,885297228,Credit
777,265,2024-05-28,Tuesday,Toyota Camry,365040040,Cash
778,266,2024-05-03,Friday,Toyota Camry,301821367,Leasing
779,267,2024-05-26,Sunday,Hyundai Elantra,201578315,Credit
780,267,2024-05-25,Saturday,Toyota Camry,385235670,Cash
781,267,2024-05-22,Wednesday,Chevrolet Spark,147391365,Cash
782,267,2024-05-19,Sunday,Hyundai Elantra,248494716,Leasing
783,268,2024-05-11,Saturday,Hyundai Elantra,236755905,Leasing
784,269,2024-05-08,Wednesday,Chevrolet Spark,121449991,Leasing
785,269,2024-05-04,Saturday,Hyundai Elantra,221945770,Credit
786,269,2024-05-27,Monday,BMW X5,758321649,Leasing
787,269,2024-05-22,Wednesday,Toyota Camry,398388388,Cash
788,269,2024-05-05,Sunday,Hyundai Elantra,221970075,Credit
789,270,2024-05-11,Saturday,Chevrolet Spark,134567593,Credit
790,270,2024-05-02,Thursday,Toyota Camry,307083610,Credit
791,270,2024-05-27,Monday,Chevrolet Spark,138587074,Leasing
792,270,2024-05-13,Monday,Chevrolet Spark,143061941,Credit
793,271,2024-05-27,Monday,BMW X5,892892575,Credit
794,271,2024-05-07,Tuesday,Hyundai Elantra,207873491,Cash
795,271,2024-05-30,Thursday,BMW X5,757675376,Credit
796,272,2024-05-26,Sunday,Toyota Camry,327054353,Leasing
797,273,2024-05-29,Wednesday,Toyota Camry,363687770,Credit
798,274,2024-05-01,Wednesday,Chevrolet Spark,137579065,Leasing
799,274,2024-05-20,Monday,Chevrolet Spark,145589001,Leasing
800,274,2024-05-09,Thursday,Chevrolet Spark,140481913,Leasing
801,274,2024-05-22,Wednesday,Kia Sorento,355277420,Credit
802,275,2024-05-04,Saturday,Hyundai Elantra,203541815,Credit
803,275,2024-05-03,Friday,Chevrolet Spark,135986546,Credit
804,275,2024-05-28,Tuesday,Hyundai Elantra,238467910,Leasing
805,276,2024-05-05,Sunday,Hyundai Elantra,245787926,Credit
806,276,2024-05-15,Wednesday,Hyundai Elantra,205737580,Credit
807,276,2024-05-09,Thursday,Chevrolet Spark,120225391,Leasing
808,277,2024-05-28,Tuesday,Hyundai Elantra,221385690,Cash
809,277,2024-05-15,Wednesday,Kia Sorento,446647040,Credit
810,277,2024-05-24,Friday,Toyota Camry,370399934,Credit
811,277,2024-05-02,Thursday,Toyota Camry,338021655,Credit
812,277,2024-05-03,Friday,Hyundai Elantra,243674032,Credit
813,278,2024-05-24,Friday,Chevrolet Spark,125679980,Cash
814,278,2024-05-30,Thursday,Hyundai Elantra,203314344,Cash
815,278,2024-05-25,Saturday,Chevrolet Spark,132031301,Cash
816,279,2024-05-10,Friday,Chevrolet Spark,121947238,Credit
817,279,2024-05-29,Wednesday,Hyundai Elantra,233218943,Cash
818,279,2024-05-15,Wednesday,Chevrolet Spark,143180107,Credit
819,280,2024-05-04,Saturday,Hyundai Elantra,220080580,Leasing
820,280,2024-05-26,Sunday,Chevrolet Spark,141400253,Leasing
821,280,2024-05-16,Thursday,Toyota Camry,301531064,Credit
822,281,2024-05-27,Monday,BMW X5,832075235,Leasing
823,281,2024-05-24,Friday,Kia Sorento,398193845,Credit
824,282,2024-05-17,Friday,Hyundai Elantra,235303414,Credit
825,282,2024-05-10,Friday,Chevrolet Spark,134579873,Leasing
826,282,2024-05-09,Thursday,Hyundai Elantra,214749151,Cash
827,282,2024-05-25,Saturday,Hyundai Elantra,230749806,Leasing
828,282,2024-05-21,Tuesday,Toyota Camry,359504448,Leasing
829,283,2024-05-19,Sunday,Toyota Camry,348591742,Leasing
830,284,2024-05-08,Wednesday,Chevrolet Spark,139262886,Credit
831,284,2024-05-01,Wednesday,Chevrolet Spark,120537977,Leasing
832,284,2024-05-30,Thursday,Hyundai Elantra,243791098,Cash
833,284,2024-05-09,Thursday,Hyundai Elantra,232149765,Credit
834,285,2024-05-21,Tuesday,BMW X5,758711614,Leasing
835,286,2024-05-16,Thursday,Toyota Camry,341191606,Credit
836,286,2024-05-17,Friday,Hyundai Elantra,229142798,Credit
837,286,2024-05-04,Saturday,Hyundai Elantra,241096018,Leasing
838,286,2024-05-03,Friday,Chevrolet Spark,122468665,Credit
839,286,2024-05-02,Thursday,Hyundai Elantra,202570115,Credit
840,287,2024-05-29,Wednesday,Toyota Camry,365198968,Credit
841,287,2024-05-08,Wednesday,Chevrolet Spark,140596928,Credit
842,287,2024-05-16,Thursday,Kia Sorento,448808332,Leasing
843,287,2024-05-30,Thursday,Hyundai Elantra,225463499,Credit
844,288,2024-05-11,Saturday,Kia Sorento,354394643,Credit
845,288,2024-05-12,Sunday,Chevrolet Spark,138152823,Leasing
846,288,2024-05-25,Saturday,Toyota Camry,302009606,Credit
847,288,2024-05-23,Thursday,Hyundai Elantra,220209423,Leasing
848,288,2024-05-19,Sunday,Chevrolet Spark,129212367,Cash
849,289,2024-05-01,Wednesday,Hyundai Elantra,227413629,Credit
850,289,2024-05-05,Sunday,Hyundai Elantra,225447520,Credit
851,289,2024-05-28,Tuesday,Hyundai Elantra,225139317,Credit
852,290,2024-05-01,Wednesday,Hyundai Elantra,246780271,Credit
853,290,2024-05-22,Wednesday,Hyundai Elantra,241706945,Credit
854,290,2024-05-07,Tuesday,BMW X5,771873676,Leasing
855,290,2024-05-07,Tuesday,Toyota Camry,349358349,Leasing
856,291,2024-05-22,Wednesday,Toyota Camry,392821907,Credit
857,291,2024-05-18,Saturday,BMW X5,870643816,Leasing
858,291,2024-05-26,Sunday,Hyundai Elantra,235881161,Cash
859,292,2024-05-06,Monday,Kia Sorento,393840923,Credit
860,293,2024-05-05,Sunday,Hyundai Elantra,217429971,Credit
861,294,2024-05-27,Monday,Toyota Camry,349573446,Credit
862,294,2024-05-10,Friday,Toyota Camry,391961122,Credit
863,294,2024-05-28,Tuesday,Toyota Camry,309787557,Leasing
864,294,2024-05-11,Saturday,Toyota Camry,368120794,Cash
865,295,2024-05-06,Monday,Chevrolet Spark,122951720,Cash
866,295,2024-05-12,Sunday,Hyundai Elantra,233843566,Credit
867,295,2024-05-21,Tuesday,Chevrolet Spark,137514306,Credit
868,295,2024-05-27,Monday,Toyota Camry,382162144,Credit
869,296,2024-05-06,Monday,Chevrolet Spark,143498851,Credit
870,296,2024-05-02,Thursday,Toyota Camry,339658560,Cash
871,296,2024-05-25,Saturday,Chevrolet Spark,129223482,Leasing
872,296,2024-05-16,Thursday,Chevrolet Spark,148673271,Credit
873,296,2024-05-02,Thursday,Chevrolet Spark,135521772,Credit
874,297,2024-05-17,Friday,Hyundai Elantra,213321008,Credit
875,297,2024-05-19,Sunday,BMW X5,803230883,Leasing
876,297,2024-05-14,Tuesday,Chevrolet Spark,122514719,Credit
877,297,2024-05-06,Monday,Chevrolet Spark,122179441,Leasing
878,297,2024-05-18,Saturday,Chevrolet Spark,146615290,Cash
879,298,2024-05-25,Saturday,Hyundai Elantra,237416206,Leasing
880,298,2024-05-27,Monday,Toyota Camry,338887321,Leasing
881,298,2024-05-28,Tuesday,Toyota Camry,354495608,Credit
882,299,2024-05-18,Saturday,Hyundai Elantra,225209588,Leasing
883,299,2024-05-20,Monday,Chevrolet Spark,146580542,Credit
884,299,2024-05-14,Tuesday,Chevrolet Spark,143073711,Leasing
885,299,2024-05-11,Saturday,Hyundai Elantra,214369952,Credit
886,300,2024-05-18,Saturday,Hyundai Elantra,221087734,Leasing
887,301,2024-05-06,Monday,Hyundai Elantra,239195811,Leasing
888,301,2024-05-13,Monday,Kia Sorento,446414082,Credit
889,301,2024-05-01,Wednesday,Hyundai Elantra,214107226,Credit
890,301,2024-05-19,Sunday,Kia Sorento,441249360,Leasing
891,301,2024-05-06,Monday,Kia Sorento,440652966,Credit
892,302,2024-05-28,Tuesday,BMW X5,878082440,Cash
893,302,2024-05-27,Monday,Hyundai Elantra,222536636,Leasing
894,302,2024-05-27,Monday,Toyota Camry,391703289,Credit
895,302,2024-05-18,Saturday,Toyota Camry,311756878,Cash
896,302,2024-05-02,Thursday,Hyundai Elantra,216525823,Credit
897,303,2024-05-25,Saturday,Chevrolet Spark,138447573,Credit
898,304,2024-05-29,Wednesday,Hyundai Elantra,222486851,Credit
899,304,2024-05-01,Wednesday,Toyota Camry,314693325,Cash
900,304,2024-05-25,Saturday,Chevrolet Spark,133925413,Cash
901,304,2024-05-29,Wednesday,Chevrolet Spark,145594569,Leasing
902,304,2024-05-18,Saturday,Kia Sorento,356982252,Leasing
903,305,2024-05-19,Sunday,Chevrolet Spark,120536644,Cash
904,305,2024-05-12,Sunday,Chevrolet Spark,147939561,Credit
905,305,2024-05-21,Tuesday,Toyota Camry,360712825,Leasing
906,306,2024-05-25,Saturday,Kia Sorento,382377375,Leasing
907,306,2024-05-05,Sunday,Hyundai Elantra,245848553,Credit
908,306,2024-05-26,Sunday,BMW X5,705666912,Credit
909,306,2024-05-29,Wednesday,Hyundai Elantra,227900914,Leasing
910,307,2024-05-07,Tuesday,Chevrolet Spark,143292164,Credit
911,308,2024-05-17,Friday,Chevrolet Spark,123891151,Leasing
912,308,2024-05-25,Saturday,Chevrolet Spark,149551048,Cash
913,308,2024-05-05,Sunday,Chevrolet Spark,133654687,Credit
914,308,2024-05-15,Wednesday,Hyundai Elantra,233215532,Cash
915,309,2024-05-08,Wednesday,Kia Sorento,352744804,Leasing
916,309,2024-05-18,Saturday,Chevrolet Spark,129908981,Cash
917,309,2024-05-17,Friday,Hyundai Elantra,200990121,Leasing
918,309,2024-05-26,Sunday,Hyundai Elantra,249802235,Credit
919,309,2024-05-02,Thursday,Hyundai Elantra,247147213,Cash
920,310,2024-05-15,Wednesday,Hyundai Elantra,232422005,Credit
921,310,2024-05-28,Tuesday,Hyundai Elantra,208038762,Credit
922,310,2024-05-15,Wednesday,Toyota Camry,341467922,Credit
923,310,2024-05-08,Wednesday,Toyota Camry,366331072,Credit
924,310,2024-05-02,Thursday,Hyundai Elantra,247897333,Credit
925,311,2024-05-29,Wednesday,Hyundai Elantra,225854156,Credit
926,312,2024-05-21,Tuesday,Chevrolet Spark,125450652,Credit
927,312,2024-05-24,Friday,Kia Sorento,430539718,Cash
928,312,2024-05-26,Sunday,BMW X5,772225798,Leasing
929,313,2024-05-07,Tuesday,Hyundai Elantra,210733296,Credit
930,313,2024-05-11,Saturday,Chevrolet Spark,143643900,Credit
931,314,2024-05-29,Wednesday,Hyundai Elantra,204860319,Leasing
932,315,2024-05-16,Thursday,Chevrolet Spark,140159131,Credit
933,315,2024-05-24,Friday,BMW X5,738175224,Leasing
934,316,2024-05-09,Thursday,Hyundai Elantra,223636914,Credit
935,316,2024-05-07,Tuesday,Hyundai Elantra,249680722,Leasing
936,317,2024-05-09,Thursday,BMW X5,823736962,Cash
937,317,2024-05-14,Tuesday,Hyundai Elantra,228615911,Cash
938,317,2024-05-16,Thursday,Chevrolet Spark,132553863,Leasing
939,318,2024-05-12,Sunday,Chevrolet Spark,123839847,Leasing
940,318,2024-05-28,Tuesday,Hyundai Elantra,249844908,Credit
941,319,2024-05-13,Monday,Toyota Camry,354968851,Leasing
942,319,2024-05-27,Monday,Chevrolet Spark,124614466,Credit
943,320,2024-05-22,Wednesday,Toyota Camry,362959655,Cash
944,320,2024-05-30,Thursday,Hyundai Elantra,243408955,Leasing
945,320,2024-05-26,Sunday,Chevrolet Spark,122367322,Credit
946,321,2024-05-02,Thursday,Kia Sorento,415452592,Credit
947,321,2024-05-28,Tuesday,Chevrolet Spark,129088503,Credit
948,322,2024-05-25,Saturday,Toyota Camry,385130440,Credit
949,322,2024-05-05,Sunday,Toyota Camry,327715389,Leasing
950,323,2024-05-26,Sunday,Toyota Camry,362827874,Credit
951,323,2024-05-12,Sunday,Toyota Camry,358544710,Credit
952,324,2024-05-28,Tuesday,Hyundai Elantra,210431929,Leasing
953,325,2024-05-23,Thursday,Toyota Camry,360678947,Leasing
954,326,2024-05-21,Tuesday,Hyundai Elantra,200973737,Credit
955,327,2024-05-29,Wednesday,Kia Sorento,439948213,Credit
956,327,2024-05-08,Wednesday,Hyundai Elantra,230604327,Credit
957,327,2024-05-02,Thursday,Hyundai Elantra,206822603,Leasing
958,328,2024-05-11,Saturday,Hyundai Elantra,228102361,Credit
959,328,2024-05-12,Sunday,Toyota Camry,357021206,Credit
960,328,2024-05-17,Friday,Hyundai Elantra,220868901,Credit
961,328,2024-05-03,Friday,BMW X5,748852189,Credit
962,328,2024-05-30,Thursday,Hyundai Elantra,214717083,Credit
963,329,2024-05-14,Tuesday,Chevrolet Spark,126671203,Leasing
964,329,2024-05-10,Friday,Toyota Camry,310478542,Leasing
965,330,2024-05-23,Thursday,BMW X5,857661143,Cash
966,330,2024-05-05,Sunday,Toyota Camry,341130558,Credit
967,331,2024-05-29,Wednesday,Kia Sorento,400796110,Credit
968,331,2024-05-24,Friday,Kia Sorento,360833583,Credit
969,331,2024-05-24,Friday,Chevrolet Spark,147438583,Credit
970,332,2024-05-29,Wednesday,Hyundai Elantra,245191244,Leasing
971,332,2024-05-02,Thursday,Kia Sorento,350917472,Credit
972,333,2024-05-06,Monday,Chevrolet Spark,148798227,Leasing
973,334,2024-05-29,Wednesday,Kia Sorento,427347388,Leasing
974,334,2024-05-13,Monday,Toyota Camry,337204318,Cash
975,334,2024-05-29,Wednesday,Hyundai Elantra,234507554,Cash
976,334,2024-05-27,Monday,BMW X5,833194677,Credit
977,334,2024-05-28,Tuesday,Kia Sorento,406986402,Cash
978,335,2024-05-14,Tuesday,Kia Sorento,430137648,Leasing
979,335,2024-05-23,Thursday,Toyota Camry,322961593,Credit
980,335,2024-05-16,Thursday,Hyundai Elantra,237845129,Credit
981,335,2024-05-04,Saturday,BMW X5,728905854,Leasing
982,336,2024-05-02,Thursday,Toyota Camry,361119402,Credit
983,336,2024-05-16,Thursday,Toyota Camry,394197655,Credit
984,337,2024-05-02,Thursday,Chevrolet Spark,138210500,Credit
985,338,2024-05-05,Sunday,BMW X5,887337483,Credit
986,338,2024-05-22,Wednesday,Kia Sorento,360444453,Credit
987,338,2024-05-11,Saturday,BMW X5,787324860,Credit
988,338,2024-05-23,Thursday,BMW X5,718004438,Leasing
989,339,2024-05-12,Sunday,Hyundai Elantra,214534056,Credit
990,339,2024-05-25,Saturday,Hyundai Elantra,241503177,Credit
991,339,2024-05-01,Wednesday,Hyundai Elantra,223846147,Credit
992,339,2024-05-08,Wednesday,Toyota Camry,375900629,Credit
993,339,2024-05-17,Friday,Toyota Camry,357889421,Cash
994,340,2024-05-18,Saturday,Kia Sorento,418493686,Cash
995,340,2024-05-15,Wednesday,Kia Sorento,442603509,Credit
996,340,2024-05-06,Monday,Toyota Camry,384806839,Leasing
997,340,2024-05-13,Monday,Chevrolet Spark,129855780,Leasing
998,341,2024-05-02,Thursday,Kia Sorento,438866329,Leasing
999,342,2024-05-12,Sunday,Chevrolet Spark,141965973,Leasing
1000,342,2024-05-29,Wednesday,Chevrolet Spark,147661213,Leasing
1001,342,2024-05-20,Monday,Toyota Camry,333993871,Credit
1002,342,2024-05-11,Saturday,Chevrolet Spark,135555628,Leasing
1003,343,2024-05-24,Friday,Chevrolet Spark,133104308,Leasing
1004,343,2024-05-09,Thursday,BMW X5,828960723,Credit
1005,343,2024-05-17,Friday,Toyota Camry,319896950,Credit
1006,344,2024-05-15,Wednesday,Toyota Camry,312613997,Credit
1007,344,2024-05-07,Tuesday,Hyundai Elantra,222920459,Leasing
1008,344,2024-05-10,Friday,Toyota Camry,397081234,Credit
1009,344,2024-05-02,Thursday,Chevrolet Spark,137418809,Credit
1010,345,2024-05-20,Monday,Chevrolet Spark,140974295,Cash
1011,345,2024-05-20,Monday,Hyundai Elantra,218583426,Leasing
1012,346,2024-05-25,Saturday,BMW X5,709622823,Cash
1013,346,2024-05-23,Thursday,Kia Sorento,409072621,Credit
1014,347,2024-05-29,Wednesday,Hyundai Elantra,220096059,Leasing
1015,347,2024-05-28,Tuesday,Toyota Camry,376210812,Credit
1016,347,2024-05-04,Saturday,Hyundai Elantra,232697859,Cash
1017,348,2024-05-06,Monday,Toyota Camry,391766135,Cash
1018,349,2024-05-02,Thursday,Kia Sorento,432358282,Credit
1019,349,2024-05-30,Thursday,Chevrolet Spark,131055589,Leasing
1020,350,2024-05-14,Tuesday,Hyundai Elantra,213490091,Credit
1021,350,2024-05-30,Thursday,BMW X5,718238528,Credit
1022,350,2024-05-10,Friday,BMW X5,837091252,Credit
1023,350,2024-05-09,Thursday,Chevrolet Spark,134226520,Credit
1024,350,2024-05-19,Sunday,BMW X5,868370064,Leasing
1025,351,2024-05-15,Wednesday,Chevrolet Spark,125826038,Leasing
1026,351,2024-05-17,Friday,Toyota Camry,312537895,Credit
1027,352,2024-05-27,Monday,Toyota Camry,309093964,Leasing
1028,352,2024-05-12,Sunday,Toyota Camry,307870907,Credit
1029,353,2024-05-03,Friday,Kia Sorento,417573174,Credit
1030,354,2024-05-27,Monday,Kia Sorento,354303677,Leasing
1031,354,2024-05-13,Monday,BMW X5,743586949,Credit
1032,354,2024-05-25,Saturday,Toyota Camry,384805214,Credit
1033,354,2024-05-28,Tuesday,Toyota Camry,398151244,Credit
1034,355,2024-05-06,Monday,Chevrolet Spark,133490295,Cash
1035,355,2024-05-30,Thursday,BMW X5,835535349,Leasing
1036,356,2024-05-22,Wednesday,Kia Sorento,410619173,Leasing
1037,356,2024-05-08,Wednesday,Toyota Camry,318868229,Credit
1038,356,2024-05-03,Friday,BMW X5,781540863,Cash
1039,357,2024-05-17,Friday,Toyota Camry,346055772,Leasing
1040,357,2024-05-30,Thursday,BMW X5,808393598,Credit
1041,357,2024-05-30,Thursday,Toyota Camry,394287443,Credit
1042,357,2024-05-22,Wednesday,Kia Sorento,378052393,Leasing
1043,358,2024-05-20,Monday,Chevrolet Spark,143593296,Cash
1044,358,2024-05-01,Wednesday,Hyundai Elantra,200113936,Credit
1045,358,2024-05-08,Wednesday,Toyota Camry,337834860,Leasing
1046,358,2024-05-08,Wednesday,Chevrolet Spark,136199129,Leasing
1047,358,2024-05-13,Monday,Hyundai Elantra,229597851,Leasing
1048,359,2024-05-16,Thursday,Toyota Camry,344772085,Credit
1049,360,2024-05-17,Friday,Kia Sorento,433532383,Credit
1050,360,2024-05-14,Tuesday,BMW X5,896315916,Credit
1051,360,2024-05-30,Thursday,Chevrolet Spark,139215926,Credit
1052,360,2024-05-19,Sunday,Toyota Camry,318707656,Credit
1053,360,2024-05-12,Sunday,Toyota Camry,381574358,Credit
1054,361,2024-05-30,Thursday,Toyota Camry,302914611,Leasing
1055,361,2024-05-15,Wednesday,Chevrolet Spark,126589154,Leasing
1056,361,2024-05-16,Thursday,Hyundai Elantra,211765518,Credit
1057,361,2024-05-13,Monday,Chevrolet Spark,149021112,Cash
1058,362,2024-05-27,Monday,Chevrolet Spark,140407616,Credit
1059,362,2024-05-10,Friday,Hyundai Elantra,203305610,Credit
1060,362,2024-05-17,Friday,Chevrolet Spark,127596537,Credit
1061,362,2024-05-21,Tuesday,Toyota Camry,390646071,Credit
1062,363,2024-05-18,Saturday,Hyundai Elantra,239674354,Credit
1063,363,2024-05-09,Thursday,Hyundai Elantra,205728394,Credit
1064,363,2024-05-21,Tuesday,BMW X5,884116286,Cash
1065,363,2024-05-07,Tuesday,Hyundai Elantra,208970512,Credit
1066,364,2024-05-24,Friday,Chevrolet Spark,138722753,Credit
1067,364,2024-05-05,Sunday,Kia Sorento,437260739,Credit
1068,364,2024-05-17,Friday,Chevrolet Spark,130405945,Credit
1069,364,2024-05-26,Sunday,Toyota Camry,380514152,Credit
1070,364,2024-05-28,Tuesday,BMW X5,820813819,Credit
1071,365,2024-05-08,Wednesday,Chevrolet Spark,144843035,Credit
1072,365,2024-05-18,Saturday,BMW X5,876106080,Leasing
1073,365,2024-05-08,Wednesday,Kia Sorento,415771889,Leasing
1074,365,2024-05-12,Sunday,Chevrolet Spark,144113518,Cash
1075,366,2024-05-12,Sunday,Hyundai Elantra,248442092,Credit
1076,366,2024-05-02,Thursday,Chevrolet Spark,141588887,Credit
1077,366,2024-05-10,Friday,BMW X5,796707475,Leasing
1078,366,2024-05-10,Friday,Chevrolet Spark,142352023,Leasing
1079,366,2024-05-26,Sunday,BMW X5,846914416,Cash
1080,367,2024-05-12,Sunday,Kia Sorento,371249305,Leasing
1081,367,2024-05-23,Thursday,Kia Sorento,438316755,Leasing
1082,367,2024-05-04,Saturday,Chevrolet Spark,135272118,Cash
1083,367,2024-05-22,Wednesday,Chevrolet Spark,141238429,Leasing
1084,368,2024-05-21,Tuesday,Hyundai Elantra,212129712,Leasing
1085,368,2024-05-21,Tuesday,Toyota Camry,300880096,Cash
1086,368,2024-05-29,Wednesday,Hyundai Elantra,213172985,Cash
1087,369,2024-05-15,Wednesday,Hyundai Elantra,235027732,Credit
1088,369,2024-05-26,Sunday,Toyota Camry,360126058,Credit
1089,369,2024-05-15,Wednesday,Chevrolet Spark,134139482,Leasing
1090,369,2024-05-28,Tuesday,Kia Sorento,449398503,Credit
1091,370,2024-05-03,Friday,Hyundai Elantra,222158515,Cash
1092,370,2024-05-23,Thursday,Chevrolet Spark,148135615,Cash
1093,370,2024-05-13,Monday,Chevrolet Spark,129304612,Cash
1094,370,2024-05-13,Monday,Hyundai Elantra,232320708,Cash
1095,370,2024-05-16,Thursday,Toyota Camry,352420967,Cash
1096,371,2024-05-30,Thursday,Toyota Camry,318520171,Cash
1097,371,2024-05-26,Sunday,Toyota Camry,364886718,Credit
1098,372,2024-05-29,Wednesday,BMW X5,897857145,Leasing
1099,372,2024-05-07,Tuesday,BMW X5,850404590,Cash
1100,372,2024-05-20,Monday,Chevrolet Spark,120639872,Credit
1101,372,2024-05-08,Wednesday,BMW X5,751267968,Credit
1102,373,2024-05-10,Friday,Toyota Camry,347468948,Leasing
1103,373,2024-05-22,Wednesday,Toyota Camry,330361580,Leasing
1104,374,2024-05-30,Thursday,Kia Sorento,417342864,Credit
1105,374,2024-05-13,Monday,Chevrolet Spark,144720208,Credit
1106,374,2024-05-13,Monday,BMW X5,844906605,Cash
1107,375,2024-05-08,Wednesday,Kia Sorento,397775541,Leasing
1108,376,2024-05-13,Monday,Hyundai Elantra,227534580,Credit
1109,376,2024-05-28,Tuesday,Chevrolet Spark,137445845,Cash
1110,376,2024-05-23,Thursday,Hyundai Elantra,206051865,Leasing
1111,377,2024-05-26,Sunday,Hyundai Elantra,221340869,Credit
1112,377,2024-05-18,Saturday,BMW X5,817051917,Leasing
1113,377,2024-05-07,Tuesday,Hyundai Elantra,229993846,Credit
1114,377,2024-05-11,Saturday,Chevrolet Spark,145061794,Cash
1115,378,2024-05-19,Sunday,Hyundai Elantra,240707746,Credit
1116,378,2024-05-16,Thursday,Chevrolet Spark,130548540,Credit
1117,379,2024-05-07,Tuesday,Hyundai Elantra,228412258,Credit
1118,379,2024-05-13,Monday,Toyota Camry,328058751,Credit
1119,380,2024-05-16,Thursday,Chevrolet Spark,149014013,Cash
1120,380,2024-05-27,Monday,Chevrolet Spark,124290447,Cash
1121,380,2024-05-13,Monday,Chevrolet Spark,131386719,Leasing
1122,380,2024-05-03,Friday,Chevrolet Spark,130425111,Leasing
1123,380,2024-05-09,Thursday,Chevrolet Spark,122409409,Leasing
1124,381,2024-05-24,Friday,Toyota Camry,319828838,Credit
1125,381,2024-05-25,Saturday,Hyundai Elantra,210298825,Credit
1126,382,2024-05-18,Saturday,Kia Sorento,445382236,Credit
1127,382,2024-05-02,Thursday,BMW X5,792068012,Credit
1128,382,2024-05-30,Thursday,Toyota Camry,303933817,Credit
1129,382,2024-05-12,Sunday,Hyundai Elantra,237841814,Credit
1130,382,2024-05-10,Friday,BMW X5,899804327,Credit
1131,383,2024-05-09,Thursday,Chevrolet Spark,131723987,Credit
1132,384,2024-05-24,Friday,Chevrolet Spark,147374402,Leasing
1133,384,2024-05-11,Saturday,BMW X5,821320835,Credit
1134,384,2024-05-17,Friday,Kia Sorento,358830852,Leasing
1135,384,2024-05-24,Friday,Kia Sorento,389755285,Cash
1136,385,2024-05-22,Wednesday,Toyota Camry,368412170,Credit
1137,385,2024-05-10,Friday,Chevrolet Spark,128445243,Cash
1138,385,2024-05-14,Tuesday,Toyota Camry,399825914,Leasing
1139,385,2024-05-23,Thursday,Chevrolet Spark,138497660,Credit
1140,385,2024-05-15,Wednesday,Hyundai Elantra,245922006,Credit
1141,386,2024-05-28,Tuesday,Chevrolet Spark,132541175,Credit
1142,387,2024-05-25,Saturday,BMW X5,857765097,Cash
1143,387,2024-05-26,Sunday,Toyota Camry,371264168,Cash
1144,388,2024-05-03,Friday,Hyundai Elantra,229073121,Cash
1145,388,2024-05-11,Saturday,Chevrolet Spark,149301140,Leasing
1146,389,2024-05-07,Tuesday,Chevrolet Spark,141099967,Credit
1147,390,2024-05-02,Thursday,BMW X5,891673129,Leasing
1148,390,2024-05-27,Monday,Chevrolet Spark,135622384,Cash
1149,391,2024-05-03,Friday,Chevrolet Spark,142021977,Leasing
1150,392,2024-05-25,Saturday,Kia Sorento,388689071,Credit
1151,392,2024-05-28,Tuesday,Hyundai Elantra,221691366,Cash
1152,392,2024-05-26,Sunday,Hyundai Elantra,227117850,Credit
1153,392,2024-05-08,Wednesday,BMW X5,756620918,Credit
1154,392,2024-05-08,Wednesday,Chevrolet Spark,138235532,Leasing
1155,393,2024-05-17,Friday,Chevrolet Spark,141709264,Credit
1156,393,2024-05-21,Tuesday,Chevrolet Spark,137088601,Cash
1157,393,2024-05-28,Tuesday,Chevrolet Spark,126257838,Leasing
1158,393,2024-05-30,Thursday,Chevrolet Spark,136635661,Leasing
1159,393,2024-05-13,Monday,Kia Sorento,389028092,Credit
1160,394,2024-05-03,Friday,Toyota Camry,327082158,Credit
1161,395,2024-05-19,Sunday,Chevrolet Spark,143464980,Leasing
1162,395,2024-05-27,Monday,Kia Sorento,419427484,Cash
1163,395,2024-05-06,Monday,Chevrolet Spark,126295425,Credit
1164,395,2024-05-16,Thursday,Chevrolet Spark,134700387,Credit
1165,395,2024-05-19,Sunday,Toyota Camry,325492108,Credit
1166,396,2024-05-22,Wednesday,Chevrolet Spark,134060053,Credit
1167,396,2024-05-15,Wednesday,Chevrolet Spark,134737126,Cash
1168,396,2024-05-06,Monday,Chevrolet Spark,122185454,Leasing
1169,396,2024-05-20,Monday,Hyundai Elantra,227346769,Cash
1170,396,2024-05-23,Thursday,Hyundai Elantra,204722340,Cash
1171,397,2024-05-04,Saturday,Chevrolet Spark,133334305,Cash
1172,397,2024-05-09,Thursday,Chevrolet Spark,137377414,Cash
1173,397,2024-05-10,Friday,Toyota Camry,313627775,Leasing
1174,397,2024-05-21,Tuesday,Kia Sorento,385173714,Leasing
1175,397,2024-05-02,Thursday,Hyundai Elantra,238405257,Credit
1176,398,2024-05-28,Tuesday,Toyota Camry,303053407,Leasing
1177,398,2024-05-14,Tuesday,Chevrolet Spark,126818922,Credit
1178,398,2024-05-11,Saturday,Hyundai Elantra,240553798,Cash
1179,399,2024-05-18,Saturday,Chevrolet Spark,129449168,Leasing
1180,399,2024-05-28,Tuesday,Chevrolet Spark,135700526,Credit
1181,399,2024-05-10,Friday,Toyota Camry,337451369,Leasing
1182,399,2024-05-12,Sunday,Chevrolet Spark,148266442,Leasing
1183,400,2024-05-11,Saturday,BMW X5,743293890,Credit
1184,400,2024-05-10,Friday,BMW X5,727609269,Credit
